obs_date,USARGDP,USAConsConf,USAAutoSales,USANewHomeSales,USAExistHomeSales,USAPendHomeSales,USANAHB,USATotEmp,USAPMIManuf,USAPMIServices,USAPMIChicago,USAPhilFed,USAEmpStateManuf,USATippEconOpt,USAIndProd,USAHomeStarts,USAHomePermits,USAConstExpend,USANewOrdersManufxTrans,USADurGoods,USADurGoodsxTrans,USAInitClaims,USARetSales
1/1/1956,2770,NA,NA,NA,NA,NA,NA,63753,60.2,NA,NA,NA,NA,NA,22.2001,NA,NA,NA,NA,NA,NA,NA,NA
2/1/1956,2770,NA,NA,NA,NA,NA,NA,63518,58.2,NA,NA,NA,NA,NA,22.0054,NA,NA,NA,NA,NA,NA,NA,NA
3/1/1956,2770,NA,NA,NA,NA,NA,NA,63411,57.2,NA,NA,NA,NA,NA,22.0054,NA,NA,NA,NA,NA,NA,NA,NA
4/1/1956,2792.9,NA,NA,NA,NA,NA,NA,63614,55.9,NA,NA,NA,NA,NA,22.1723,NA,NA,NA,NA,NA,NA,NA,NA
5/1/1956,2792.9,NA,NA,NA,NA,NA,NA,63861,51.2,NA,NA,NA,NA,NA,21.9776,NA,NA,NA,NA,NA,NA,NA,NA
6/1/1956,2792.9,NA,NA,NA,NA,NA,NA,63820,47.7,NA,NA,NA,NA,NA,21.7828,NA,NA,NA,NA,NA,NA,NA,NA
7/1/1956,2790.6,NA,NA,NA,NA,NA,NA,63800,44.2,NA,NA,NA,NA,NA,21.1151,NA,NA,NA,NA,NA,NA,NA,NA
8/1/1956,2790.6,NA,NA,NA,NA,NA,NA,63972,51.5,NA,NA,NA,NA,NA,21.9775,NA,NA,NA,NA,NA,NA,NA,NA
9/1/1956,2790.6,NA,NA,NA,NA,NA,NA,64079,55.5,NA,NA,NA,NA,NA,22.4783,NA,NA,NA,NA,NA,NA,NA,NA
10/1/1956,2836.2,NA,NA,NA,NA,NA,NA,63975,52.7,NA,NA,NA,NA,NA,22.673,NA,NA,NA,NA,NA,NA,NA,NA
11/1/1956,2836.2,NA,NA,NA,NA,NA,NA,63796,55,NA,NA,NA,NA,NA,22.4783,NA,NA,NA,NA,NA,NA,NA,NA
12/1/1956,2836.2,NA,NA,NA,NA,NA,NA,63910,52.7,NA,NA,NA,NA,NA,22.8121,NA,NA,NA,NA,NA,NA,NA,NA
1/1/1957,2854.5,NA,NA,NA,NA,NA,NA,63632,53.6,NA,NA,NA,NA,NA,22.7287,NA,NA,NA,NA,NA,NA,NA,NA
2/1/1957,2854.5,NA,NA,NA,NA,NA,NA,64257,51,NA,NA,NA,NA,NA,22.9513,NA,NA,NA,NA,NA,NA,NA,NA
3/1/1957,2854.5,NA,NA,NA,NA,NA,NA,64404,47.5,NA,NA,NA,NA,NA,22.9234,NA,NA,NA,NA,NA,NA,NA,NA
4/1/1957,2848.2,NA,NA,NA,NA,NA,NA,64047,43.1,NA,NA,NA,NA,NA,22.6174,NA,NA,NA,NA,NA,NA,NA,NA
5/1/1957,2848.2,NA,NA,NA,NA,NA,NA,63985,43.4,NA,NA,NA,NA,NA,22.5339,NA,NA,NA,NA,NA,NA,NA,NA
6/1/1957,2848.2,NA,NA,NA,NA,NA,NA,64196,45.9,NA,NA,NA,NA,NA,22.5896,NA,NA,NA,NA,NA,NA,NA,NA
7/1/1957,2875.9,NA,NA,NA,NA,NA,NA,64540,45.7,NA,NA,NA,NA,NA,22.7287,NA,NA,NA,NA,NA,NA,NA,NA
8/1/1957,2875.9,NA,NA,NA,NA,NA,NA,63959,45.3,NA,NA,NA,NA,NA,22.7287,NA,NA,NA,NA,NA,NA,NA,NA
9/1/1957,2875.9,NA,NA,NA,NA,NA,NA,64121,45.8,NA,NA,NA,NA,NA,22.534,NA,NA,NA,NA,NA,NA,NA,NA
10/1/1957,2846.4,NA,NA,NA,NA,NA,NA,64046,41.1,NA,NA,NA,NA,NA,22.2001,NA,NA,NA,NA,NA,NA,NA,NA
11/1/1957,2846.4,NA,NA,NA,NA,NA,NA,63669,40.4,NA,NA,NA,NA,NA,21.6715,NA,NA,NA,NA,NA,NA,NA,NA
12/1/1957,2846.4,NA,NA,NA,NA,NA,NA,63922,36.8,NA,NA,NA,NA,NA,21.2542,NA,NA,NA,NA,NA,NA,NA,NA
1/1/1958,2772.7,NA,NA,NA,NA,NA,NA,63220,33.4,NA,NA,NA,NA,NA,20.8648,NA,NA,NA,NA,NA,NA,NA,NA
2/1/1958,2772.7,NA,NA,NA,NA,NA,NA,62898,37.2,NA,NA,NA,NA,NA,20.4197,NA,NA,NA,NA,NA,NA,NA,NA
3/1/1958,2772.7,NA,NA,NA,NA,NA,NA,62731,39.8,NA,NA,NA,NA,NA,20.1693,NA,NA,NA,NA,NA,NA,NA,NA
4/1/1958,2790.9,NA,NA,NA,NA,NA,NA,62631,39.1,NA,NA,NA,NA,NA,19.8354,NA,NA,NA,NA,NA,NA,NA,NA
5/1/1958,2790.9,NA,NA,NA,NA,NA,NA,62874,46.6,NA,NA,NA,NA,NA,20.0302,NA,NA,NA,NA,NA,NA,NA,NA
6/1/1958,2790.9,NA,NA,NA,NA,NA,NA,62730,51.4,NA,NA,NA,NA,NA,20.5588,NA,NA,NA,NA,NA,NA,NA,NA
7/1/1958,2855.5,NA,NA,NA,NA,NA,NA,62745,54.7,NA,NA,NA,NA,NA,20.8648,NA,NA,NA,NA,NA,NA,NA,NA
8/1/1958,2855.5,NA,NA,NA,NA,NA,NA,63012,57.3,NA,NA,NA,NA,NA,21.2821,NA,NA,NA,NA,NA,NA,NA,NA
9/1/1958,2855.5,NA,NA,NA,NA,NA,NA,63181,59.8,NA,NA,NA,NA,NA,21.4768,NA,NA,NA,NA,NA,NA,NA,NA
10/1/1958,2922.3,NA,NA,NA,NA,NA,NA,63475,62.3,NA,NA,NA,NA,NA,21.7272,NA,NA,NA,NA,NA,NA,NA,NA
11/1/1958,2922.3,NA,NA,NA,NA,NA,NA,63470,62.7,NA,NA,NA,NA,NA,22.367,NA,NA,NA,NA,NA,NA,NA,NA
12/1/1958,2922.3,NA,NA,NA,NA,NA,NA,63549,60.5,NA,NA,NA,NA,NA,22.3949,NA,NA,NA,NA,NA,NA,NA,NA
1/1/1959,2976.6,NA,NA,NA,NA,NA,NA,63868,64.4,NA,NA,NA,NA,NA,22.7287,1657,NA,NA,NA,NA,NA,NA,NA
2/1/1959,2976.6,NA,NA,NA,NA,NA,NA,63684,66.9,NA,NA,NA,NA,NA,23.1738,1667,NA,NA,NA,NA,NA,NA,NA
3/1/1959,2976.6,NA,NA,NA,NA,NA,NA,64267,67.1,NA,NA,NA,NA,NA,23.5076,1620,NA,NA,NA,NA,NA,NA,NA
4/1/1959,3049,NA,NA,NA,NA,NA,NA,64768,66.9,NA,NA,NA,NA,NA,24.0084,1590,NA,NA,NA,NA,NA,NA,NA
5/1/1959,3049,NA,NA,NA,NA,NA,NA,64699,68.2,NA,NA,NA,NA,NA,24.3701,1498,NA,NA,NA,NA,NA,NA,NA
6/1/1959,3049,NA,NA,NA,NA,NA,NA,64849,64.4,NA,NA,NA,NA,NA,24.3979,1503,NA,NA,NA,NA,NA,NA,NA
7/1/1959,3043.1,NA,NA,NA,NA,NA,NA,65011,61.5,NA,NA,NA,NA,NA,23.8136,1547,NA,NA,NA,NA,NA,NA,NA
8/1/1959,3043.1,NA,NA,NA,NA,NA,NA,64844,55.1,NA,NA,NA,NA,NA,23.0069,1430,NA,NA,NA,NA,NA,NA,NA
9/1/1959,3043.1,NA,NA,NA,NA,NA,NA,64770,48.3,NA,NA,NA,NA,NA,22.9791,1540,NA,NA,NA,NA,NA,NA,NA
10/1/1959,3055.1,NA,NA,NA,NA,NA,NA,64911,49.7,NA,NA,NA,NA,NA,22.8122,1355,NA,NA,NA,NA,NA,NA,NA
11/1/1959,3055.1,NA,NA,NA,NA,NA,NA,64530,50.6,NA,NA,NA,NA,NA,22.9513,1416,NA,NA,NA,NA,NA,NA,NA
12/1/1959,3055.1,NA,NA,NA,NA,NA,NA,65341,58.2,NA,NA,NA,NA,NA,24.37,1601,NA,NA,NA,NA,NA,NA,NA
1/1/1960,3123.2,NA,NA,NA,NA,NA,NA,65347,61.5,NA,NA,NA,NA,NA,25.0099,1460,1092,NA,NA,NA,NA,NA,NA
2/1/1960,3123.2,NA,NA,NA,NA,NA,NA,65620,52.3,NA,NA,NA,NA,NA,24.7873,1503,1088,NA,NA,NA,NA,NA,NA
3/1/1960,3123.2,NA,NA,NA,NA,NA,NA,64673,47.8,NA,NA,NA,NA,NA,24.5648,1109,955,NA,NA,NA,NA,NA,NA
4/1/1960,3111.3,NA,NA,NA,NA,NA,NA,65959,45.3,NA,NA,NA,NA,NA,24.3701,1289,1016,NA,NA,NA,NA,NA,NA
5/1/1960,3111.3,NA,NA,NA,NA,NA,NA,66057,42.6,NA,NA,NA,NA,NA,24.3422,1271,1052,NA,NA,NA,NA,NA,NA
6/1/1960,3111.3,NA,NA,NA,NA,NA,NA,66168,44.4,NA,NA,NA,NA,NA,24.0362,1247,958,NA,NA,NA,NA,NA,NA
7/1/1960,3119.1,NA,NA,NA,NA,NA,NA,65909,43.7,NA,NA,NA,NA,NA,23.9528,1197,999,NA,NA,NA,NA,NA,NA
8/1/1960,3119.1,NA,NA,NA,NA,NA,NA,65895,47.6,NA,NA,NA,NA,NA,23.9249,1344,994,NA,NA,NA,NA,NA,NA
9/1/1960,3119.1,NA,NA,NA,NA,NA,NA,66267,45.4,NA,NA,NA,NA,NA,23.6746,1097,984,NA,NA,NA,NA,NA,NA
10/1/1960,3081.3,NA,NA,NA,NA,NA,NA,65632,46,NA,NA,NA,NA,NA,23.6467,1246,972,NA,NA,NA,NA,NA,NA
11/1/1960,3081.3,NA,NA,NA,NA,NA,NA,66109,44.3,NA,NA,NA,NA,NA,23.3129,1246,979,NA,NA,NA,NA,NA,NA
12/1/1960,3081.3,NA,NA,NA,NA,NA,NA,65778,44.3,NA,NA,NA,NA,NA,22.8678,1063,951,NA,NA,NA,NA,NA,NA
1/1/1961,3102.3,NA,NA,NA,NA,NA,NA,65776,43.9,NA,NA,NA,NA,NA,22.8956,1183,969,NA,NA,NA,NA,NA,NA
2/1/1961,3102.3,NA,NA,NA,NA,NA,NA,65588,43.6,NA,NA,NA,NA,NA,22.8678,1226,961,NA,NA,NA,NA,NA,NA
3/1/1961,3102.3,NA,NA,NA,NA,NA,NA,65850,49.1,NA,NA,NA,NA,NA,23.0069,1312,1000,NA,NA,NA,NA,NA,NA
4/1/1961,3159.9,NA,NA,NA,NA,NA,NA,65374,57.6,NA,NA,NA,NA,NA,23.4798,1166,1002,NA,NA,NA,NA,NA,NA
5/1/1961,3159.9,NA,NA,NA,NA,NA,NA,65449,58.9,NA,NA,NA,NA,NA,23.8415,1228,1027,NA,NA,NA,NA,NA,NA
6/1/1961,3159.9,NA,NA,NA,NA,NA,NA,65993,58.1,NA,NA,NA,NA,NA,24.1753,1382,1070,NA,NA,NA,NA,NA,NA
7/1/1961,3212.6,NA,NA,NA,NA,NA,NA,65608,58.2,NA,NA,NA,NA,NA,24.4535,1335,1083,NA,NA,NA,NA,NA,NA
8/1/1961,3212.6,NA,NA,NA,NA,NA,NA,65852,60.7,NA,NA,NA,NA,NA,24.6761,1312,1159,NA,NA,NA,NA,NA,NA
9/1/1961,3212.6,NA,NA,NA,NA,NA,NA,65541,63,NA,NA,NA,NA,NA,24.6483,1429,1098,NA,NA,NA,NA,NA,NA
10/1/1961,3277.7,NA,NA,NA,NA,NA,NA,65919,62.2,NA,NA,NA,NA,NA,25.1212,1415,1123,NA,NA,NA,NA,NA,NA
11/1/1961,3277.7,NA,NA,NA,NA,NA,NA,66081,59,NA,NA,NA,NA,NA,25.5107,1385,1152,NA,NA,NA,NA,NA,NA
12/1/1961,3277.7,NA,NA,NA,NA,NA,NA,65900,64.2,NA,NA,NA,NA,NA,25.7332,1365,1161,NA,NA,NA,NA,NA,NA
1/1/1962,3336.8,NA,NA,NA,NA,NA,NA,66108,60.9,NA,NA,NA,NA,NA,25.5106,1361,1122,NA,NA,NA,NA,NA,NA
2/1/1962,3336.8,NA,NA,NA,NA,NA,NA,66538,61.1,NA,NA,NA,NA,NA,25.9279,1278,1194,NA,NA,NA,NA,NA,NA
3/1/1962,3336.8,NA,NA,NA,NA,NA,NA,66493,60.6,NA,NA,NA,NA,NA,26.0671,1443,1134,NA,NA,NA,NA,NA,NA
4/1/1962,3372.7,NA,NA,NA,NA,NA,NA,66372,55.1,NA,NA,NA,NA,NA,26.1227,1524,1235,NA,NA,NA,NA,NA,NA
5/1/1962,3372.7,NA,NA,NA,NA,NA,NA,66688,52.2,NA,NA,NA,NA,NA,26.0949,1483,1142,NA,NA,NA,NA,NA,NA
6/1/1962,3372.7,NA,NA,NA,NA,NA,NA,66670,50.8,NA,NA,NA,NA,NA,26.0392,1404,1154,NA,NA,NA,NA,NA,NA
7/1/1962,3404.8,NA,NA,NA,NA,NA,NA,66483,51,NA,NA,NA,NA,NA,26.2896,1450,1189,NA,NA,NA,NA,NA,NA
8/1/1962,3404.8,NA,NA,NA,NA,NA,NA,66968,49.5,NA,NA,NA,NA,NA,26.3174,1517,1200,NA,NA,NA,NA,NA,NA
9/1/1962,3404.8,NA,NA,NA,NA,NA,NA,67192,50,NA,NA,NA,NA,NA,26.4843,1324,1223,NA,NA,NA,NA,NA,NA
10/1/1962,3418,NA,NA,NA,NA,NA,NA,67114,51.2,NA,NA,NA,NA,NA,26.5122,1533,1181,NA,NA,NA,NA,NA,NA
11/1/1962,3418,NA,NA,NA,NA,NA,NA,66847,53.8,NA,NA,NA,NA,NA,26.6234,1622,1236,NA,NA,NA,NA,NA,NA
12/1/1962,3418,NA,NA,NA,NA,NA,NA,66947,57.2,NA,NA,NA,NA,NA,26.6234,1564,1236,NA,NA,NA,NA,NA,NA
1/1/1963,3456.1,NA,NA,591,NA,NA,NA,67072,55.2,NA,NA,NA,NA,NA,26.8182,1244,1248,NA,NA,NA,NA,NA,NA
2/1/1963,3456.1,NA,NA,464,NA,NA,NA,67024,55.1,NA,NA,NA,NA,NA,27.1242,1456,1212,NA,NA,NA,NA,NA,NA
3/1/1963,3456.1,NA,NA,461,NA,NA,NA,67351,54.7,NA,NA,NA,NA,NA,27.2911,1534,1258,NA,NA,NA,NA,NA,NA
4/1/1963,3501.1,NA,NA,605,NA,NA,NA,67642,57.6,NA,NA,NA,NA,NA,27.5415,1689,1288,NA,NA,NA,NA,NA,NA
5/1/1963,3501.1,NA,NA,586,NA,NA,NA,67615,59.8,NA,NA,NA,NA,NA,27.8753,1641,1350,NA,NA,NA,NA,NA,NA
6/1/1963,3501.1,NA,NA,526,NA,NA,NA,67649,58.2,NA,NA,NA,NA,NA,27.9588,1588,1345,NA,NA,NA,NA,NA,NA
7/1/1963,3569.5,NA,NA,665,NA,NA,NA,67905,55.5,NA,NA,NA,NA,NA,27.8475,1614,1321,NA,NA,NA,NA,NA,NA
8/1/1963,3569.5,NA,NA,570,NA,NA,NA,67908,55.1,NA,NA,NA,NA,NA,27.9031,1639,1310,NA,NA,NA,NA,NA,NA
9/1/1963,3569.5,NA,NA,590,NA,NA,NA,68174,56.9,NA,NA,NA,NA,NA,28.1813,1763,1413,NA,NA,NA,NA,NA,NA
10/1/1963,3595,NA,NA,567,NA,NA,NA,68294,57.7,NA,NA,NA,NA,NA,28.3761,1779,1414,NA,NA,NA,NA,NA,NA
11/1/1963,3595,NA,NA,579,NA,NA,NA,68267,57.5,NA,NA,NA,NA,NA,28.5152,1622,1357,NA,NA,NA,NA,NA,NA
12/1/1963,3595,NA,NA,514,NA,NA,NA,68213,54,NA,NA,NA,NA,NA,28.4595,1491,1423,NA,NA,NA,NA,NA,NA
1/1/1964,3672.7,NA,NA,549,NA,NA,NA,68327,57.1,NA,NA,NA,NA,NA,28.7099,1603,1296,72.931,NA,NA,NA,NA,NA
2/1/1964,3672.7,NA,NA,609,NA,NA,NA,68751,57.9,NA,NA,NA,NA,NA,28.9047,1820,1442,72.983,NA,NA,NA,NA,NA
3/1/1964,3672.7,NA,NA,562,NA,NA,NA,68763,60.2,NA,NA,NA,NA,NA,28.9047,1517,1313,75.194,NA,NA,NA,NA,NA
4/1/1964,3716.4,NA,NA,559,NA,NA,NA,69356,59.2,NA,NA,NA,NA,NA,29.3776,1448,1264,75.239,NA,NA,NA,NA,NA
5/1/1964,3716.4,NA,NA,523,NA,NA,NA,69631,58.7,NA,NA,NA,NA,NA,29.5445,1467,1299,73.838,NA,NA,NA,NA,NA
6/1/1964,3716.4,NA,NA,580,NA,NA,NA,69218,60.1,NA,NA,NA,NA,NA,29.628,1550,1280,75.218,NA,NA,NA,NA,NA
7/1/1964,3766.9,NA,NA,575,NA,NA,NA,69399,62.9,NA,NA,NA,NA,NA,29.8227,1562,1304,75.846,NA,NA,NA,NA,NA
8/1/1964,3766.9,NA,NA,582,NA,NA,NA,69463,63.3,NA,NA,NA,NA,NA,30.0174,1569,1306,75.486,NA,NA,NA,NA,NA
9/1/1964,3766.9,NA,NA,590,NA,NA,NA,69578,63.3,NA,NA,NA,NA,NA,30.1287,1455,1265,74.776,NA,NA,NA,NA,NA
10/1/1964,3780.2,NA,NA,583,NA,NA,NA,69582,60.7,NA,NA,NA,NA,NA,29.7114,1524,1230,75.561,NA,NA,NA,NA,NA
11/1/1964,3780.2,NA,NA,548,NA,NA,NA,69735,61.8,NA,NA,NA,NA,NA,30.6295,1486,1254,76.057,NA,NA,NA,NA,NA
12/1/1964,3780.2,NA,NA,540,NA,NA,NA,69814,62.4,NA,NA,NA,NA,NA,30.9911,1484,1164,77.184,NA,NA,NA,NA,NA
1/1/1965,3873.5,NA,NA,533,NA,NA,NA,69997,61,NA,NA,NA,NA,NA,31.325,1361,1264,76.201,NA,NA,NA,NA,NA
2/1/1965,3873.5,NA,NA,559,NA,NA,NA,70127,62.1,NA,NA,NA,NA,NA,31.5197,1433,1185,77.08,NA,NA,NA,NA,NA
3/1/1965,3873.5,NA,NA,556,NA,NA,NA,70439,64.9,NA,NA,NA,NA,NA,31.937,1423,1211,79.696,NA,NA,NA,NA,NA
4/1/1965,3926.4,NA,NA,555,NA,NA,NA,70633,62,NA,NA,NA,NA,NA,32.0761,1438,1162,79.017,NA,NA,NA,NA,NA
5/1/1965,3926.4,NA,NA,544,NA,NA,NA,71034,61.3,NA,NA,NA,NA,NA,32.3265,1478,1207,80.446,NA,NA,NA,NA,NA
6/1/1965,3926.4,NA,NA,614,NA,NA,NA,71025,58.7,NA,NA,NA,NA,NA,32.5769,1488,1241,81.848,NA,NA,NA,NA,NA
7/1/1965,4006.2,NA,NA,554,NA,NA,NA,71460,58.1,NA,NA,NA,NA,NA,32.8829,1529,1237,81.61,NA,NA,NA,NA,NA
8/1/1965,4006.2,NA,NA,615,NA,NA,NA,71362,58.1,NA,NA,NA,NA,NA,33.022,1432,1249,83.405,NA,NA,NA,NA,NA
9/1/1965,4006.2,NA,NA,587,NA,NA,NA,71286,61,NA,NA,NA,NA,NA,33.1054,1482,1227,83.536,NA,NA,NA,NA,NA
10/1/1965,4100.6,NA,NA,555,NA,NA,NA,71695,58.6,NA,NA,NA,NA,NA,33.4393,1452,1279,84.726,NA,NA,NA,NA,NA
11/1/1965,4100.6,NA,NA,616,NA,NA,NA,71724,59.4,NA,NA,NA,NA,NA,33.5784,1460,1306,85.847,NA,NA,NA,NA,NA
12/1/1965,4100.6,NA,NA,609,NA,NA,NA,72062,62.8,NA,NA,NA,NA,NA,33.9957,1656,1315,87.058,NA,NA,NA,NA,NA
1/1/1966,4201.9,NA,NA,599,NA,NA,NA,72198,65.8,NA,NA,NA,NA,NA,34.3295,1370,1325,86.178,NA,NA,NA,NA,NA
2/1/1966,4201.9,NA,NA,541,NA,NA,NA,72134,65.5,NA,NA,NA,NA,NA,34.5521,1378,1159,86.694,NA,NA,NA,NA,NA
3/1/1966,4201.9,NA,NA,557,NA,NA,NA,72188,65.7,NA,NA,NA,NA,NA,35.025,1394,1234,90.125,NA,NA,NA,NA,NA
4/1/1966,4219.1,NA,NA,545,NA,NA,NA,72510,64.2,NA,NA,NA,NA,NA,35.0806,1352,1145,87.755,NA,NA,NA,NA,NA
5/1/1966,4219.1,NA,NA,499,NA,NA,NA,72497,57.7,NA,NA,NA,NA,NA,35.4145,1265,1078,84.834,NA,NA,NA,NA,NA
6/1/1966,4219.1,NA,NA,434,NA,NA,NA,72775,59,NA,NA,NA,NA,NA,35.5814,1194,956,84.72,NA,NA,NA,NA,NA
7/1/1966,4249.2,NA,NA,435,NA,NA,NA,72860,60.3,NA,NA,NA,NA,NA,35.7761,1086,932,85.933,NA,NA,NA,NA,NA
8/1/1966,4249.2,NA,NA,377,NA,NA,NA,73146,58.5,NA,NA,NA,NA,NA,35.8039,1119,877,87.331,NA,NA,NA,NA,NA
9/1/1966,4249.2,NA,NA,358,NA,NA,NA,73258,58.7,NA,NA,NA,NA,NA,36.1378,1046,774,86.927,NA,NA,NA,NA,NA
10/1/1966,4285.6,NA,NA,387,NA,NA,NA,73401,57.2,NA,NA,NA,NA,NA,36.3881,843,739,84.32,NA,NA,NA,NA,NA
11/1/1966,4285.6,NA,NA,382,NA,NA,NA,73840,53.7,NA,NA,NA,NA,NA,36.1378,961,736,84.341,NA,NA,NA,NA,NA
12/1/1966,4285.6,NA,NA,369,NA,NA,NA,73729,52.4,NA,NA,NA,NA,NA,36.2212,990,743,83.285,NA,NA,NA,NA,NA
1/1/1967,4324.9,NA,NA,416,NA,NA,NA,73671,49.1,NA,NA,NA,NA,NA,36.3921,1067,995,84.31,NA,NA,NA,208,NA
2/1/1967,4324.9,134.3,NA,408,NA,NA,NA,73606,47.6,NA,50.6,NA,NA,NA,35.9794,1123,907,84.033,NA,NA,NA,229,NA
3/1/1967,4324.9,134.3,NA,439,NA,NA,NA,73439,45.3,NA,42.8,NA,NA,NA,35.7765,1056,955,84.702,NA,NA,NA,241,NA
4/1/1967,4328.7,140.7,NA,479,NA,NA,NA,73882,42.8,NA,41.7,NA,NA,NA,36.1139,1091,1035,84.831,NA,NA,NA,257,NA
5/1/1967,4328.7,140.7,NA,503,NA,NA,NA,73844,44.5,NA,42.4,NA,NA,NA,35.7989,1304,1076,85.954,NA,NA,NA,254,NA
6/1/1967,4328.7,134,NA,499,NA,NA,NA,74278,46.8,NA,43.2,NA,NA,NA,35.7944,1248,1169,86.047,NA,NA,NA,238,NA
7/1/1967,4366.1,134,NA,515,NA,NA,NA,74520,49.5,NA,46.3,NA,NA,NA,35.7129,1364,1177,86.912,NA,NA,NA,240,NA
8/1/1967,4366.1,130.1,NA,504,NA,NA,NA,74767,52.2,NA,47.5,NA,NA,NA,36.3971,1407,1229,87.142,NA,NA,NA,202,NA
9/1/1967,4366.1,130.1,NA,531,NA,NA,NA,74854,54.9,NA,48.7,NA,NA,NA,36.338,1421,1279,87.792,NA,NA,NA,231,NA
10/1/1967,4401.2,134.5,NA,566,NA,NA,NA,75051,54.1,NA,50.4,NA,NA,NA,36.634,1491,1280,89.505,NA,NA,NA,231,NA
11/1/1967,4401.2,134.5,NA,500,NA,NA,NA,75125,54.2,NA,52.9,NA,NA,NA,37.1579,1538,1297,91.63,NA,NA,NA,214,NA
12/1/1967,4401.2,136.1,NA,502,NA,NA,NA,75473,55.6,NA,50.7,NA,NA,NA,37.5581,1308,1315,93.289,NA,NA,NA,221,NA
1/1/1968,4490.6,136.1,NA,494,1420,NA,NA,74700,56.6,NA,54.5,NA,NA,NA,37.5177,1380,1179,93.422,NA,NA,NA,222,NA
2/1/1968,4490.6,137.9,NA,543,1500,NA,NA,75229,55,NA,51.2,NA,NA,NA,37.6521,1520,1342,94.031,NA,NA,NA,210,NA
3/1/1968,4490.6,137.9,NA,490,1550,NA,NA,75379,53.8,NA,49.3,NA,NA,NA,37.7696,1466,1370,96.243,NA,NA,NA,204,NA
4/1/1968,4566.4,136.6,NA,501,1470,NA,NA,75561,58,NA,53.2,NA,NA,NA,37.8243,1554,1286,97.017,NA,NA,NA,191,NA
5/1/1968,4566.4,136.6,NA,441,1510,NA,NA,76107,55.3,NA,55.3,32.1,NA,NA,38.2486,1408,1297,97.09,NA,NA,NA,194,NA
6/1/1968,4566.4,130.7,NA,441,1520,NA,NA,76182,53.5,NA,53.6,18.2,NA,NA,38.3891,1405,1300,94.496,NA,NA,NA,192,NA
7/1/1968,4599.3,130.7,NA,493,1540,NA,NA,76087,54.1,NA,56.2,33.4,NA,NA,38.3302,1512,1344,94.363,NA,NA,NA,214,NA
8/1/1968,4599.3,131.3,NA,507,1550,NA,NA,76043,52.7,NA,53,-3.8,NA,NA,38.4372,1495,1357,96.73,NA,NA,NA,218,NA
9/1/1968,4599.3,131.3,NA,501,1660,NA,NA,76172,51.8,NA,56.8,9.5,NA,NA,38.5828,1556,1464,98.085,NA,NA,NA,189,NA
10/1/1968,4619.8,142.3,NA,502,1710,NA,NA,76224,55.8,NA,58.7,6.8,NA,NA,38.6594,1569,1421,100.221,NA,NA,NA,186,NA
11/1/1968,4619.8,142.3,NA,469,1660,NA,NA,76494,58.1,NA,59.1,13.2,NA,NA,39.1594,1630,1436,101.662,NA,NA,NA,183,NA
12/1/1968,4619.8,137.9,NA,511,1710,NA,NA,76778,56.1,NA,61.7,23.1,NA,NA,39.2831,1548,1389,99.78,NA,NA,NA,188,NA
1/1/1969,4691.6,137.9,NA,480,1630,NA,NA,76805,54.9,NA,62.5,-11.3,NA,NA,39.5208,1769,1459,102.703,NA,NA,NA,191,NA
2/1/1969,4691.6,138.2,NA,524,1680,NA,NA,77327,57,NA,62.1,16.9,NA,NA,39.7737,1705,1495,101.648,NA,NA,NA,197,NA
3/1/1969,4691.6,138.2,NA,474,1620,NA,NA,77367,57.1,NA,64,28,NA,NA,40.0856,1561,1438,105.454,NA,NA,NA,191,NA
4/1/1969,4706.7,136.6,NA,450,1620,NA,NA,77523,55.2,NA,63.5,18.2,NA,NA,39.938,1524,1441,105.532,NA,NA,NA,190,NA
5/1/1969,4706.7,136.6,NA,447,1630,NA,NA,77412,56.7,NA,57.6,12.6,NA,NA,39.7871,1583,1328,106.231,NA,NA,NA,183,NA
6/1/1969,4706.7,137.9,NA,461,1590,NA,NA,77880,55.5,NA,57.6,18.4,NA,NA,40.1758,1528,1349,105.789,NA,NA,NA,192,NA
7/1/1969,4736.1,137.9,NA,436,1540,NA,NA,77959,53.1,NA,54.3,-0.6,NA,NA,40.3879,1368,1278,107.3,NA,NA,NA,210,NA
8/1/1969,4736.1,131.7,NA,422,1540,NA,NA,78250,54.8,NA,56.8,8.2,NA,NA,40.4807,1358,1317,105.659,NA,NA,NA,203,NA
9/1/1969,4736.1,131.7,NA,396,1560,NA,NA,78250,54.1,NA,52.4,-1.6,NA,NA,40.4716,1507,1263,107.54,NA,NA,NA,182,NA
10/1/1969,4715.5,126.8,NA,401,1570,NA,NA,78445,54.6,NA,52,12.1,NA,NA,40.4835,1381,1216,104.59,NA,NA,NA,200,NA
11/1/1969,4715.5,126.8,NA,441,1540,NA,NA,78541,53.2,NA,56.9,-3.4,NA,NA,40.1019,1229,1191,103.868,NA,NA,NA,211,NA
12/1/1969,4715.5,126,NA,452,1600,NA,NA,78740,52,NA,50.3,-8.2,NA,NA,39.9942,1327,1155,101.331,NA,NA,NA,202,NA
1/1/1970,4707.1,126,NA,461,1530,NA,NA,78780,48.7,NA,44.7,-13.2,NA,NA,39.2536,1085,1062,101.018,NA,NA,NA,242,NA
2/1/1970,4707.1,101.7,NA,373,1460,NA,NA,78698,47.4,NA,43.2,-18.1,NA,NA,39.2278,1305,1118,102.616,NA,NA,NA,256,NA
3/1/1970,4707.1,101.7,NA,389,1370,NA,NA,78863,46.9,NA,41.4,-31.2,NA,NA,39.1768,1319,1132,105.867,NA,NA,NA,262,NA
4/1/1970,4715.4,98,NA,445,1510,NA,NA,78930,45,NA,38.9,-16.9,NA,NA,39.0761,1264,1224,103.649,NA,NA,NA,305,NA
5/1/1970,4715.4,98,NA,466,1530,NA,NA,78564,47.2,NA,35.2,-21.5,NA,NA,39.0306,1290,1328,103.374,NA,NA,NA,318,NA
6/1/1970,4715.4,88.1,NA,485,1580,NA,NA,78413,51.1,NA,43.5,-8.5,NA,NA,38.9043,1385,1322,104.969,NA,NA,NA,301,NA
7/1/1970,4757.2,88.1,NA,481,1630,NA,NA,78726,49.5,NA,46,7.3,NA,NA,38.9998,1517,1324,105.715,NA,NA,NA,288,NA
8/1/1970,4757.2,91,NA,515,1720,NA,NA,78624,47.3,NA,46.8,7,NA,NA,38.9303,1399,1394,105.972,NA,NA,NA,266,NA
9/1/1970,4757.2,91,NA,564,1730,NA,NA,78498,44.1,NA,41.1,14,NA,NA,38.6619,1534,1426,105.377,NA,NA,NA,292,NA
10/1/1970,4708.3,83.2,NA,545,1700,NA,NA,78685,42.4,NA,35.4,3.7,NA,NA,37.8886,1580,1564,107.184,NA,NA,NA,327,NA
11/1/1970,4708.3,83.2,NA,570,1750,NA,NA,78650,39.7,NA,38.1,6.3,NA,NA,37.6591,1647,1502,110.26,NA,NA,NA,336,NA
12/1/1970,4708.3,75.7,NA,582,1850,NA,NA,78594,45.4,NA,36.7,10,NA,NA,38.5239,1893,1767,114.009,NA,NA,NA,306,NA
1/1/1971,4834.3,75.7,NA,618,1910,NA,NA,78864,47.9,NA,41.4,28.9,NA,NA,38.8203,1828,1643,112.332,NA,NA,NA,288,NA
2/1/1971,4834.3,77.4,NA,618,1900,NA,NA,78700,54.8,NA,47.4,39.3,NA,NA,38.7463,1741,1588,113.834,NA,NA,NA,296,NA
3/1/1971,4834.3,77.4,NA,681,1980,NA,NA,78588,51.2,NA,47.6,33.2,NA,NA,38.7043,1910,1759,116.293,NA,NA,NA,297,NA
4/1/1971,4861.9,75.2,NA,662,2010,NA,NA,78987,54.5,NA,49,37.5,NA,NA,38.9217,1986,1745,120.091,NA,NA,NA,279,NA
5/1/1971,4861.9,75.2,NA,618,2040,NA,NA,79139,54.2,NA,51.2,39.2,NA,NA,39.1192,2049,1972,121.041,NA,NA,NA,293,NA
6/1/1971,4861.9,82.3,NA,646,1990,NA,NA,78757,53.8,NA,48.1,31.3,NA,NA,39.2832,2026,1903,122.419,NA,NA,NA,295,NA
7/1/1971,4900,82.3,NA,706,2000,NA,NA,79305,54.4,NA,49.4,26,NA,NA,39.1692,2083,2069,124.99,NA,NA,NA,264,NA
8/1/1971,4900,82.1,NA,659,2000,NA,NA,79539,53.6,NA,51.1,23,NA,NA,38.9419,2158,2004,124.471,NA,NA,NA,349,NA
9/1/1971,4900,82.1,NA,625,2050,NA,NA,79689,55.1,NA,53.3,35.9,NA,NA,39.5748,2041,1996,124.193,NA,NA,NA,312,NA
10/1/1971,4914.3,80.3,NA,647,2050,NA,NA,79918,55,NA,55.8,39.3,NA,NA,39.871,2128,2026,127.321,NA,NA,NA,313,NA
11/1/1971,4914.3,80.3,NA,710,2140,NA,NA,80297,52.3,NA,56.8,31.9,NA,NA,40.0402,2182,2079,128.453,NA,NA,NA,301,NA
12/1/1971,4914.3,85,NA,689,2180,NA,NA,80471,57.6,NA,58.7,30.1,NA,NA,40.5024,2295,2133,129.008,NA,NA,NA,280,NA
1/1/1972,5002.4,85,NA,698,2200,NA,NA,80959,59.6,NA,60.4,34,NA,NA,41.4757,2494,2238,133.627,NA,NA,NA,295,NA
2/1/1972,5002.4,93.6,NA,711,2150,NA,NA,81108,60.6,NA,57.9,31,NA,NA,41.8685,2390,2169,130.743,NA,NA,NA,266,NA
3/1/1972,5002.4,93.6,NA,640,2180,NA,NA,81573,59.8,NA,62.7,39.7,NA,NA,42.1739,2334,2105,137.379,NA,NA,NA,264,NA
4/1/1972,5118.3,95.1,NA,684,2160,NA,NA,81655,59.3,NA,62.9,28.1,NA,NA,42.615,2249,2139,136.224,NA,NA,NA,274,NA
5/1/1972,5118.3,95.1,NA,677,2110,NA,NA,81887,61.4,NA,64.8,35.8,NA,NA,42.5954,2221,2067,136.744,NA,NA,NA,271,NA
6/1/1972,5118.3,98.9,NA,687,2170,NA,NA,82083,58.6,NA,62.1,34.2,NA,NA,42.7127,2254,2183,137.48,NA,NA,NA,268,NA
7/1/1972,5165.4,98.9,NA,681,2190,NA,NA,82230,60.1,NA,67.9,33.7,NA,NA,42.6982,2252,2195,136.735,NA,NA,NA,297,NA
8/1/1972,5165.4,104.1,NA,773,2300,NA,NA,82578,61.7,NA,66.3,35.3,NA,NA,43.2607,2382,2263,138.969,NA,NA,NA,246,NA
9/1/1972,5165.4,104.1,NA,767,2340,NA,NA,82543,65.1,NA,69.3,32.9,NA,NA,43.5841,2481,2393,140.879,NA,NA,NA,259,NA
10/1/1972,5251.2,112,NA,843,2380,NA,NA,82616,67,NA,71.6,39.2,NA,NA,44.1837,2485,2354,144.03,NA,NA,NA,263,NA
11/1/1972,5251.2,112,NA,735,2380,NA,NA,82990,69.9,NA,73.8,47.2,NA,NA,44.6892,2421,2234,144.733,NA,NA,NA,242,NA
12/1/1972,5251.2,116.1,NA,772,2490,NA,NA,83400,70.5,NA,74.4,49,NA,NA,45.1993,2366,2419,148.717,NA,NA,NA,252,NA
1/1/1973,5380.5,116.1,NA,781,2430,NA,NA,83161,72.1,NA,78.6,47.5,NA,NA,45.4981,2481,2271,150.991,NA,NA,NA,226,NA
2/1/1973,5380.5,110.8,NA,737,2500,NA,NA,83912,69.6,NA,78.1,40.6,NA,NA,46.1747,2289,2226,151.662,NA,NA,NA,226,NA
3/1/1973,5380.5,110.8,NA,725,2420,NA,NA,84452,69.6,NA,74.9,58.9,NA,NA,46.1987,2365,2062,155.573,NA,NA,NA,229,NA
4/1/1973,5441.5,102.8,NA,661,2350,NA,NA,84559,67.7,NA,75,53.8,NA,NA,46.1233,2084,1908,153.305,NA,NA,NA,247,NA
5/1/1973,5441.5,102.8,NA,660,2330,NA,NA,84648,64.8,NA,71.5,36.6,NA,NA,46.4187,2266,1931,153.321,NA,NA,NA,238,NA
6/1/1973,5441.5,104.4,NA,650,2360,NA,NA,85185,65,NA,72.6,30.4,NA,NA,46.4493,2067,2051,153.211,NA,NA,NA,246,NA
7/1/1973,5411.9,104.4,NA,601,2340,NA,NA,85299,57.8,NA,67.8,25.3,NA,NA,46.6538,2123,1819,154.948,NA,NA,NA,248,NA
8/1/1973,5411.9,93.8,NA,566,2280,NA,NA,85204,62.7,NA,69.1,18.6,NA,NA,46.5681,2051,1809,155.685,NA,NA,NA,265,NA
9/1/1973,5411.9,93.8,NA,561,2240,NA,NA,85488,63.5,NA,69.5,-0.3,NA,NA,46.9832,1874,1704,155.789,NA,NA,NA,252,NA
10/1/1973,5462.4,107.5,NA,565,2270,NA,NA,85987,66.2,NA,69.4,9.9,NA,NA,47.3049,1677,1411,154.742,NA,NA,NA,236,NA
11/1/1973,5462.4,107.5,NA,547,2260,NA,NA,86320,68.1,NA,78.8,15.1,NA,NA,47.5496,1724,1402,154.395,NA,NA,NA,282,NA
12/1/1973,5462.4,70.6,NA,519,2230,NA,NA,86401,63.6,NA,76.3,8,NA,NA,47.4374,1526,1288,153.245,NA,NA,NA,266,NA
1/1/1974,5417,70.6,NA,523,2410,NA,NA,86555,62.1,NA,68.6,-13.3,NA,NA,47.1039,1451,1331,151.763,NA,NA,NA,340,NA
2/1/1974,5417,62.7,NA,539,2380,NA,NA,86754,58.6,NA,69.6,-13.1,NA,NA,46.9577,1752,1360,155.92,NA,NA,NA,369,NA
3/1/1974,5417,62.7,NA,572,2440,NA,NA,86819,61.8,NA,59,-12,NA,NA,46.9699,1555,1440,155.948,NA,NA,NA,305,NA
4/1/1974,5431.3,95.1,NA,544,2390,NA,NA,86669,59.9,NA,63,-11.8,NA,NA,46.8314,1607,1254,156.922,NA,NA,NA,296,NA
5/1/1974,5431.3,95.1,NA,590,2400,NA,NA,86891,55.7,NA,58.1,-9.3,NA,NA,47.1749,1426,1138,156.697,NA,NA,NA,296,NA
6/1/1974,5431.3,92.5,NA,534,2270,NA,NA,86941,54.7,NA,60.4,-8.7,NA,NA,47.1426,1513,1086,156.248,NA,NA,NA,314,NA
7/1/1974,5378.7,92.5,NA,534,2290,NA,NA,87149,54.8,NA,63,-8.5,NA,NA,47.1414,1316,1002,157.63,NA,NA,NA,311,NA
8/1/1974,5378.7,77.3,NA,492,2250,NA,NA,87037,52.9,NA,57.8,-16.9,NA,NA,46.6853,1142,917,156.712,NA,NA,NA,347,NA
9/1/1974,5378.7,77.3,NA,511,2150,NA,NA,87051,46.2,NA,46.6,-7.4,NA,NA,46.7091,1150,840,154.284,NA,NA,NA,350,NA
10/1/1974,5357.2,54.5,NA,448,2100,NA,NA,86995,42.7,NA,41,-26.1,NA,NA,46.5301,1070,824,155.098,NA,NA,NA,413,NA
11/1/1974,5357.2,54.5,NA,450,2090,NA,NA,86626,37.9,NA,35.6,-32.3,NA,NA,44.9977,1026,783,151.845,NA,NA,NA,441,NA
12/1/1974,5357.2,43.2,NA,417,2110,NA,NA,86144,30.9,NA,25.6,-57.9,NA,NA,43.4168,975,869,152.242,NA,NA,NA,528,NA
1/1/1975,5292.4,43.2,NA,416,2060,NA,NA,85627,30.7,NA,24.4,-45.3,NA,NA,42.8143,1032,726,158.552,NA,NA,NA,554,NA
2/1/1975,5292.4,54.5,NA,422,2230,NA,NA,85256,34.4,NA,23.9,-25.3,NA,NA,41.827,904,729,150.987,NA,NA,NA,545,NA
3/1/1975,5292.4,54.5,NA,477,2290,NA,NA,85187,31.6,NA,28.9,-27.9,NA,NA,41.3831,993,709,144.164,NA,NA,NA,551,NA
4/1/1975,5333.2,66.4,NA,543,2390,NA,NA,85189,37.5,NA,33.1,-28,NA,NA,41.4315,1005,866,147.656,NA,NA,NA,520,NA
5/1/1975,5333.2,66.4,NA,579,2470,NA,NA,85451,41.2,NA,36.7,-18.2,NA,NA,41.3223,1121,914,148.93,NA,NA,NA,507,NA
6/1/1975,5333.2,72.2,NA,557,2510,NA,NA,85355,45.1,NA,39.4,-6.4,NA,NA,41.6108,1087,946,148.171,NA,NA,NA,529,NA
7/1/1975,5421.4,72.2,NA,569,2450,NA,NA,85894,47.2,NA,43.6,13.7,NA,NA,41.9956,1226,1020,151.114,NA,NA,NA,446,NA
8/1/1975,5421.4,82.4,NA,566,2530,NA,NA,86234,51.4,NA,51.3,28.2,NA,NA,42.4418,1260,994,151.958,NA,NA,NA,459,NA
9/1/1975,5421.4,82.4,NA,556,2630,NA,NA,86279,54.4,NA,50.2,32.6,NA,NA,42.97,1264,1064,155.137,NA,NA,NA,447,NA
10/1/1975,5494.4,77.6,NA,609,2680,NA,NA,86370,55.5,NA,51,35.7,NA,NA,43.1519,1344,1096,156.286,NA,NA,NA,429,NA
11/1/1975,5494.4,77.6,NA,680,2740,NA,NA,86456,54.5,NA,51,43.6,NA,NA,43.2496,1360,1110,158.868,NA,NA,NA,415,NA
12/1/1975,5494.4,93.7,NA,669,2780,NA,NA,86665,54.9,NA,51.5,33.1,NA,NA,43.7878,1321,1091,161.4,NA,NA,NA,373,NA
1/1/1976,5618.5,93.7,NA,603,2810,NA,NA,87400,58.8,NA,55.6,10.3,NA,NA,44.4297,1367,1195,168.081,NA,NA,NA,402,NA
2/1/1976,5618.5,101,NA,644,2930,NA,NA,87672,61.5,NA,59.5,20.7,NA,NA,44.8638,1538,1190,168.382,NA,NA,NA,353,NA
3/1/1976,5618.5,101,NA,591,2900,NA,NA,87985,58.4,NA,62.9,36.5,NA,NA,44.9039,1421,1164,173.752,NA,NA,NA,348,NA
4/1/1976,5661,89.5,NA,611,2940,NA,NA,88416,60.6,NA,60.4,43.8,NA,NA,45.1617,1395,1132,171.772,NA,NA,NA,373,NA
5/1/1976,5661,89.5,NA,570,2960,NA,NA,88794,58.8,NA,60.1,37.6,NA,NA,45.3696,1459,1194,172.278,NA,NA,NA,395,NA
6/1/1976,5661,94.5,NA,591,3110,NA,NA,88563,58.2,NA,59.2,32.7,NA,NA,45.3655,1495,1188,172.458,NA,NA,NA,407,NA
7/1/1976,5689.8,94.5,NA,664,3100,NA,NA,89093,55.9,NA,59,28,NA,NA,45.6403,1401,1245,168.079,NA,NA,NA,372,NA
8/1/1976,5689.8,94.6,NA,648,3110,NA,NA,89223,54.5,NA,60.9,19.6,NA,NA,45.9589,1550,1309,168.925,NA,NA,NA,378,NA
9/1/1976,5689.8,94.6,NA,696,3210,NA,NA,89173,53.6,NA,57.2,22,NA,NA,46.0866,1720,1481,169.356,NA,NA,NA,383,NA
10/1/1976,5732.5,87.1,NA,708,3160,NA,NA,89274,53.5,NA,56.3,22.5,NA,NA,46.1027,1629,1425,173.772,NA,NA,NA,411,NA
11/1/1976,5732.5,87.1,NA,735,3220,NA,NA,89634,51.7,NA,56.3,13.3,NA,NA,46.7724,1641,1531,179.988,NA,NA,NA,390,NA
12/1/1976,5732.5,98.9,NA,767,3340,NA,NA,89803,56.6,NA,57.1,13.6,NA,NA,47.2614,1804,1511,184.346,NA,NA,NA,395,NA
1/1/1977,5799.2,98.9,NA,825,3430,NA,NA,89928,54.8,NA,61.4,31.1,NA,NA,47.0005,1527,1466,180.458,NA,NA,NA,416,NA
2/1/1977,5799.2,97.6,NA,839,3360,NA,NA,90342,55,NA,57.4,34.9,NA,NA,47.7183,1943,1560,184.677,NA,NA,NA,477,NA
3/1/1977,5799.2,97.6,NA,872,3580,NA,NA,90808,58.4,NA,57.8,33.3,NA,NA,48.3151,2063,1660,189.853,NA,NA,NA,355,NA
4/1/1977,5913,93.1,NA,799,3530,NA,NA,91271,56.9,NA,57.4,44.6,NA,NA,48.7456,1892,1660,196.988,NA,NA,NA,376,NA
5/1/1977,5913,93.1,NA,807,3640,NA,NA,91754,59.7,NA,60.3,30.6,NA,NA,49.1678,1971,1668,200.466,NA,NA,NA,384,NA
6/1/1977,5913,98.2,NA,805,3630,NA,NA,91959,56.8,NA,58.5,27.6,NA,NA,49.5305,1893,1752,203.309,NA,NA,NA,358,NA
7/1/1977,6017.6,97.5,NA,755,3650,NA,NA,92084,57.7,NA,58.6,21.5,NA,NA,49.6193,2058,1687,204.737,NA,NA,NA,361,NA
8/1/1977,6017.6,98.7,NA,808,3710,NA,NA,92441,54.9,NA,56.3,20.1,NA,NA,49.6279,2020,1780,205.317,NA,NA,NA,378,NA
9/1/1977,6017.6,96.7,NA,842,3760,NA,NA,92702,53.9,NA,56.5,11.1,NA,NA,49.8578,1949,1674,208.058,NA,NA,NA,359,NA
10/1/1977,6018.2,95.5,NA,819,3710,NA,NA,93052,55.4,NA,59.8,16.2,NA,NA,49.9699,2042,1758,205.695,NA,NA,NA,365,NA
11/1/1977,6018.2,98.9,NA,829,3860,NA,NA,93761,56.1,NA,59.3,17.6,NA,NA,50.0051,2042,1771,207.279,NA,NA,NA,334,NA
12/1/1977,6018.2,109.7,NA,835,3890,NA,NA,94105,59.8,NA,64.8,30.6,NA,NA,50.0845,2142,1754,206.201,NA,NA,NA,364,NA
1/1/1978,6039.2,107.8,NA,795,3900,NA,NA,94384,57.4,NA,64.7,20.4,NA,NA,49.3991,1718,1740,208.099,NA,NA,NA,346,NA
2/1/1978,6039.2,107,NA,791,3830,NA,NA,94519,55.9,NA,61.3,11.3,NA,NA,49.6456,1738,1736,209.476,NA,NA,NA,373,NA
3/1/1978,6039.2,104.7,NA,814,3970,NA,NA,94755,55,NA,58.3,9,NA,NA,50.59,2032,1799,217.329,NA,NA,NA,359,NA
4/1/1978,6274,109.9,NA,864,4090,NA,NA,95394,57.7,NA,62.5,18.6,NA,NA,51.6406,2197,1948,230.078,NA,NA,NA,345,NA
5/1/1978,6274,105.5,NA,857,4000,NA,NA,95769,60.2,NA,62.9,27.5,NA,NA,51.8185,2075,1766,235.505,NA,NA,NA,334,NA
6/1/1978,6274,109.5,NA,834,4040,NA,NA,96343,60.5,NA,63,22.9,NA,NA,52.1796,2070,1983,240.598,NA,NA,NA,331,NA
7/1/1978,6335.3,105.4,NA,789,3990,NA,NA,96090,62.2,NA,64.9,17.8,NA,NA,52.165,2092,1786,246.143,NA,NA,NA,356,NA
8/1/1978,6335.3,108,NA,756,3960,NA,NA,96431,60.3,NA,61.7,27.8,NA,NA,52.3501,1996,1691,248.935,NA,NA,NA,354,NA
9/1/1978,6335.3,106.6,NA,812,3930,NA,NA,96670,60.5,NA,65.6,17.8,NA,NA,52.4894,1970,1751,252.417,NA,NA,NA,337,NA
10/1/1978,6420.3,108.6,NA,872,4000,NA,NA,97133,60.1,NA,63.7,21,NA,NA,52.9162,1981,1781,252.871,NA,NA,NA,343,NA
11/1/1978,6420.3,96.5,NA,798,4150,NA,NA,97485,61.3,NA,66.3,13.9,NA,NA,53.3032,2094,1795,255.734,NA,NA,NA,304,NA
12/1/1978,6420.3,102.2,NA,805,3980,NA,NA,97581,59.4,NA,63.8,8.4,NA,NA,53.6017,2044,1818,258.866,NA,NA,NA,344,NA
1/1/1979,6433,99.5,NA,754,3860,NA,NA,97948,58.5,NA,61.6,4,NA,NA,53.252,1630,1461,251.563,NA,NA,NA,359,NA
2/1/1979,6433,101.5,NA,723,3990,NA,NA,98329,58.2,NA,61.3,-1.5,NA,NA,53.5373,1520,1492,249.423,NA,NA,NA,359,NA
3/1/1979,6433,96.4,NA,793,3960,NA,NA,98480,57.7,NA,66.9,6,NA,NA,53.7169,1847,1720,257.18,NA,NA,NA,363,NA
4/1/1979,6440.8,94.6,NA,748,3990,NA,NA,98103,56.2,NA,63.8,-3.1,NA,NA,53.1334,1748,1597,258.953,NA,NA,NA,465,NA
5/1/1979,6440.8,96,NA,727,4090,NA,NA,98331,54.4,NA,60.7,-1.2,NA,NA,53.5456,1876,1684,267.628,NA,NA,NA,344,NA
6/1/1979,6440.8,92.7,NA,700,3800,NA,NA,98679,52.7,NA,60.3,-4.3,NA,NA,53.5321,1913,1640,272.088,NA,NA,NA,365,NA
7/1/1979,6487.1,81.4,NA,715,3820,NA,NA,99006,51.3,NA,55.2,-13.3,NA,NA,53.4571,1760,1534,278.193,NA,NA,NA,368,NA
8/1/1979,6487.1,79.4,NA,729,3840,NA,NA,98776,49.5,NA,44.6,-17.5,NA,NA,53.0958,1778,1591,279.381,NA,NA,NA,386,NA
9/1/1979,6487.1,87.8,NA,727,3940,NA,NA,99340,49.6,NA,49.7,-24.4,NA,NA,53.1524,1832,1638,282.46,NA,NA,NA,378,NA
10/1/1979,6503.9,92.3,NA,670,3770,NA,NA,99404,49,NA,51.1,-28.6,NA,NA,53.4335,1681,1481,287.719,NA,NA,NA,412,NA
11/1/1979,6503.9,90.2,NA,597,3480,NA,NA,99574,48,NA,49.1,-20.7,NA,NA,53.3928,1524,1276,285.658,NA,NA,NA,414,NA
12/1/1979,6503.9,90.7,NA,559,3390,NA,NA,99933,44.8,NA,47.1,-15.7,NA,NA,53.4391,1498,1254,287.556,NA,NA,NA,415,NA
1/1/1980,6524.9,85.9,NA,592,3330,NA,NA,99879,46.2,NA,43.9,-18.5,NA,NA,53.6852,1341,1280,296.351,NA,NA,NA,405,NA
2/1/1980,6524.9,85.3,NA,541,3190,NA,NA,99995,50.2,NA,44.9,-20.9,NA,NA,53.6976,1350,1199,286.994,NA,NA,NA,425,NA
3/1/1980,6524.9,80.8,NA,474,2970,NA,NA,99713,43.6,NA,44.2,-19.3,NA,NA,53.5284,1047,988,281.413,NA,NA,NA,418,NA
4/1/1980,6392.6,60.5,NA,370,2540,NA,NA,99233,37.4,NA,35.4,-37,NA,NA,52.4456,1051,808,271.577,NA,NA,NA,544,NA
5/1/1980,6392.6,50.1,NA,469,2480,NA,NA,98945,29.4,NA,25.2,-53,NA,NA,51.1731,927,861,265.371,NA,NA,NA,601,NA
6/1/1980,6392.6,56.1,NA,552,2600,NA,NA,98682,30.3,NA,21.4,-54.4,NA,NA,50.5456,1196,1118,262.047,NA,NA,NA,610,NA
7/1/1980,6382.9,65.4,NA,636,2930,NA,NA,98796,35,NA,26.8,-57.2,NA,NA,50.1491,1269,1259,259.159,NA,NA,NA,533,NA
8/1/1980,6382.9,70.8,NA,659,3050,NA,NA,98824,45.5,NA,37.4,-39,NA,NA,50.346,1436,1367,263.19,NA,NA,NA,533,NA
9/1/1980,6382.9,80.3,NA,596,3400,NA,NA,99077,50.1,NA,45.3,-10.3,NA,NA,51.1616,1471,1484,267.986,NA,NA,NA,511,NA
10/1/1980,6501.2,84.2,NA,561,3210,NA,NA,99317,55.5,NA,45.2,24.6,NA,NA,51.7986,1523,1366,273.192,NA,NA,NA,447,NA
11/1/1980,6501.2,87.2,NA,562,3050,NA,NA,99545,58.2,NA,52,8.5,NA,NA,52.6929,1510,1383,280.477,NA,NA,NA,407,NA
12/1/1980,6501.2,78.6,NA,532,2910,NA,NA,99634,53,NA,51.1,7.3,NA,NA,53.0021,1482,1249,291.199,NA,NA,NA,416,NA
1/1/1981,6635.7,74.4,NA,511,2710,NA,NA,99955,49.2,NA,49.9,2.1,NA,NA,52.7091,1547,1221,301.254,NA,NA,NA,419,NA
2/1/1981,6635.7,69,NA,510,2690,NA,NA,100191,48.8,NA,52.1,5.3,NA,NA,52.453,1246,1199,299.309,NA,NA,NA,420,NA
3/1/1981,6635.7,77.8,NA,514,2600,NA,NA,100571,49.6,NA,52,8.2,NA,NA,52.7285,1306,1183,297.38,NA,NA,NA,409,NA
4/1/1981,6587.3,81.6,NA,470,2670,NA,NA,101056,51.6,NA,52.6,-1.2,NA,NA,52.4959,1360,1190,296.641,NA,NA,NA,396,NA
5/1/1981,6587.3,86.9,NA,467,2630,NA,NA,101048,53.5,NA,51.5,9.3,NA,NA,52.8175,1140,1173,291.641,NA,NA,NA,423,NA
6/1/1981,6587.3,83,NA,415,2590,NA,NA,100298,50.7,NA,50.8,-2.2,NA,NA,53.0568,1045,976,289.299,NA,NA,NA,428,NA
7/1/1981,6662.9,83.5,NA,431,2490,NA,NA,100693,46.7,NA,49.1,5.4,NA,NA,53.4054,1041,935,290.158,NA,NA,NA,426,NA
8/1/1981,6662.9,85.7,NA,378,2340,NA,NA,100689,48.3,NA,50.2,17.2,NA,NA,53.3848,940,889,287.31,NA,NA,NA,448,NA
9/1/1981,6662.9,77.6,NA,338,2180,NA,NA,100064,42.5,NA,42.7,7.5,NA,NA,53.0524,911,847,286.009,NA,NA,NA,454,NA
10/1/1981,6585.1,75.6,NA,356,2080,NA,NA,100378,40,NA,42.2,-13.3,NA,NA,52.689,873,731,283.919,NA,NA,NA,491,NA
11/1/1981,6585.1,66.9,NA,382,2020,NA,NA,100207,36.1,NA,34.7,-26.2,NA,NA,52.0872,837,748,282.164,NA,NA,NA,514,NA
12/1/1981,6585.1,66.6,NA,457,2020,NA,NA,99645,37.8,NA,33.9,-34.6,NA,NA,51.5098,910,796,281.591,NA,NA,NA,551,NA
1/1/1982,6475,64.9,NA,368,1910,NA,NA,99692,38.2,NA,34.9,-19.9,NA,NA,50.4951,843,794,274.039,NA,NA,NA,545,NA
2/1/1982,6475,62.3,NA,365,1990,NA,NA,99762,38.3,NA,32.2,-15.3,NA,NA,51.5032,866,808,278.508,NA,NA,NA,556,NA
3/1/1982,6475,56.7,NA,374,1990,NA,NA,99672,36.8,NA,32.1,-15.5,NA,NA,51.1152,931,891,279.902,NA,NA,NA,556,NA
4/1/1982,6510.2,57,NA,339,1890,NA,NA,99576,37.8,NA,33.6,-3.2,NA,NA,50.6616,917,888,277.901,NA,NA,NA,585,NA
5/1/1982,6510.2,61.4,NA,384,1860,NA,NA,100116,35.5,NA,36.2,-4.6,NA,NA,50.347,1025,953,275.92,NA,NA,NA,584,NA
6/1/1982,6510.2,56.7,NA,370,1890,NA,NA,99543,38.3,NA,36.6,2.2,NA,NA,50.182,902,913,280.45,NA,NA,NA,614,NA
7/1/1982,6486.8,63.2,NA,375,1890,NA,NA,99493,38.4,NA,38.2,2.6,NA,NA,50.0324,1166,1044,276.824,NA,NA,NA,572,NA
8/1/1982,6486.8,56.9,NA,407,1900,NA,NA,99633,38.3,NA,35.4,-2.7,NA,NA,49.6058,1046,926,279.595,NA,NA,NA,606,NA
9/1/1982,6486.8,58.1,NA,481,1950,NA,NA,99504,38.8,NA,43.6,-13.6,NA,NA,49.4489,1144,1042,277.214,NA,NA,NA,641,NA
10/1/1982,6493.1,54.3,NA,480,2090,NA,NA,99215,39.4,NA,38.7,10.8,NA,NA,49.0123,1173,1149,282.069,NA,NA,NA,651,NA
11/1/1982,6493.1,57.4,NA,554,2230,NA,NA,99112,39.2,NA,40.2,1.8,NA,NA,48.8194,1372,1229,286.299,NA,NA,NA,589,NA
12/1/1982,6493.1,59.5,NA,521,2290,NA,NA,99032,42.8,NA,41.3,14.7,NA,NA,48.4724,1303,1351,283.342,NA,NA,NA,533,NA
1/1/1983,6578.2,59,NA,582,2570,NA,NA,99161,46,NA,46.5,12.5,NA,NA,49.3977,1586,1426,294.227,NA,NA,NA,510,NA
2/1/1983,6578.2,67.6,NA,562,2430,NA,NA,99089,54.4,NA,52.8,20.1,NA,NA,49.0939,1699,1471,289.024,NA,NA,NA,486,NA
3/1/1983,6578.2,79.4,NA,596,2590,NA,NA,99179,53.9,NA,56.1,32.9,NA,NA,49.4909,1606,1475,288.519,NA,NA,NA,475,NA
4/1/1983,6728.3,83.1,NA,638,2600,NA,NA,99560,54.2,NA,55.7,37.1,NA,NA,50.0897,1472,1566,292.06,NA,NA,NA,496,NA
5/1/1983,6728.3,87.7,NA,664,2740,NA,NA,99642,56.1,NA,56.9,37.7,NA,NA,50.4394,1776,1669,299.853,NA,NA,NA,494,NA
6/1/1983,6728.3,87.5,NA,651,2770,NA,NA,100633,57.5,NA,50.7,42.3,NA,NA,50.7255,1733,1769,309.053,NA,NA,NA,442,NA
7/1/1983,6860,89,NA,606,2780,NA,NA,101208,63.6,NA,63.3,49.5,NA,NA,51.5043,1785,1795,315.165,NA,NA,NA,412,NA
8/1/1983,6860,91.2,NA,572,2770,NA,NA,101608,63.1,NA,68.4,41.9,NA,NA,52.0668,1910,1713,321.055,NA,NA,NA,415,NA
9/1/1983,6860,91.1,NA,608,2780,NA,NA,102016,62.5,NA,64.9,40.6,NA,NA,52.8647,1710,1585,322.711,NA,NA,NA,403,NA
10/1/1983,7001.5,92.1,NA,632,2710,NA,NA,102039,64.4,NA,69.1,35.4,NA,NA,53.2879,1715,1716,324.438,NA,NA,NA,406,NA
11/1/1983,7001.5,96.7,NA,644,2670,NA,NA,102729,66,NA,70.5,44.8,NA,NA,53.4666,1785,1668,332.571,NA,NA,NA,390,NA
12/1/1983,7001.5,103.6,NA,773,2800,NA,NA,102996,69.9,NA,74,41,NA,NA,53.7371,1688,1627,336.67,NA,NA,NA,368,NA
1/1/1984,7140.6,103.9,NA,691,2850,NA,NA,103201,60.5,NA,69.9,47,NA,NA,54.8219,1897,1816,337.799,NA,NA,NA,356,NA
2/1/1984,7140.6,101,NA,696,2890,NA,NA,103824,61.3,NA,65,25.7,NA,NA,55.0723,2260,1987,351.964,NA,NA,NA,338,NA
3/1/1984,7140.6,101.1,NA,641,2920,NA,NA,103967,58.9,NA,69.5,35.2,NA,NA,55.3312,1663,1725,356.788,NA,NA,NA,346,NA
4/1/1984,7266,106.1,NA,639,2980,NA,NA,104336,61,NA,69.8,36.8,NA,NA,55.6908,1851,1776,357.975,NA,NA,NA,381,NA
5/1/1984,7266,104.8,NA,615,2930,NA,NA,105193,58.6,NA,67.7,31.7,NA,NA,55.9478,1774,1741,367.017,NA,NA,NA,368,NA
6/1/1984,7266,105.8,NA,630,2900,NA,NA,105591,58.1,NA,64.6,27.7,NA,NA,56.1423,1843,1814,372.933,NA,NA,NA,369,NA
7/1/1984,7337.5,100.4,NA,619,2800,NA,NA,105435,56.1,NA,63.3,1.2,NA,NA,56.3388,1732,1605,373.301,NA,NA,NA,366,NA
8/1/1984,7337.5,103.1,NA,567,2690,NA,NA,105163,53,NA,56.1,23.9,NA,NA,56.3618,1586,1530,374.486,NA,NA,NA,380,NA
9/1/1984,7337.5,100,NA,662,2650,NA,NA,105490,50,NA,59.8,22.3,NA,NA,56.2691,1698,1523,379.516,NA,NA,NA,402,NA
10/1/1984,7396,99.1,NA,687,2650,NA,NA,105638,50.8,NA,53.7,15.4,NA,NA,56.1897,1590,1490,383.608,NA,NA,NA,403,NA
11/1/1984,7396,105.5,NA,597,2770,NA,NA,105972,50.3,NA,53.1,2.6,NA,NA,56.4083,1689,1643,382.091,NA,NA,NA,393,NA
12/1/1984,7396,97,NA,597,2770,NA,NA,106223,50.6,NA,51.5,2.2,NA,NA,56.4614,1612,1626,385.905,NA,NA,NA,383,NA
1/1/1985,7469.5,102,NA,645,2940,NA,50,106302,50.3,NA,52.3,5.6,NA,NA,56.3345,1711,1660,390.715,NA,NA,NA,387,NA
2/1/1985,7469.5,103.1,NA,682,2880,NA,58,106555,49.9,NA,52.6,10.9,NA,NA,56.5655,1632,1662,391.831,NA,NA,NA,401,NA
3/1/1985,7469.5,96.1,NA,671,2960,NA,54,106989,47.8,NA,48.8,31.1,NA,NA,56.6524,1800,1727,398.04,NA,NA,NA,385,NA
4/1/1985,7537.9,104.4,NA,620,2960,NA,49,106936,48.2,NA,57.3,9.8,NA,NA,56.5037,1821,1664,398.23,NA,NA,NA,405,NA
5/1/1985,7537.9,99.6,NA,678,2970,NA,51,106932,47.1,NA,49,8.1,NA,NA,56.5749,1680,1709,403.279,NA,NA,NA,394,NA
6/1/1985,7537.9,102.6,NA,722,3040,NA,54,106505,47.8,NA,51,-2.3,NA,NA,56.6168,1676,1716,403.759,NA,NA,NA,403,NA
7/1/1985,7655.2,103.2,NA,766,3120,NA,58,106807,47.9,NA,48.9,11.3,NA,NA,56.2369,1684,1697,401.538,NA,NA,NA,395,NA
8/1/1985,7655.2,100.9,NA,726,3360,NA,58,107095,47.7,NA,50.9,7.1,NA,NA,56.4677,1743,1808,401.857,NA,NA,NA,402,NA
9/1/1985,7655.2,96,NA,678,3320,NA,56,107657,49.9,NA,51.1,2.3,NA,NA,56.7218,1676,1916,407.181,NA,NA,NA,426,NA
10/1/1985,7712.6,96.1,NA,655,3330,NA,59,107847,50.9,NA,46.9,6.1,NA,NA,56.488,1834,1743,408.163,NA,NA,NA,400,NA
11/1/1985,7712.6,98.1,NA,733,3290,NA,58,108007,52,NA,54.4,19.7,NA,NA,56.6841,1698,1692,411.666,NA,NA,NA,397,NA
12/1/1985,7712.6,98.2,NA,721,3290,NA,57,108216,50.7,NA,54.5,13.6,NA,NA,57.268,1942,1794,420.812,NA,NA,NA,399,NA
1/1/1986,7784.1,96.9,NA,733,3310,NA,57,108887,51.2,NA,55.2,22.4,NA,NA,57.545,1972,1847,427.115,NA,NA,NA,397,NA
2/1/1986,7784.1,96,NA,728,3270,NA,55,108480,51,NA,58,19.9,NA,NA,57.1485,1848,1767,431.057,NA,NA,NA,366,NA
3/1/1986,7784.1,95.1,NA,880,3200,NA,57,108837,51,NA,56.4,14,NA,NA,56.7705,1876,1780,423.432,NA,NA,NA,366,NA
4/1/1986,7819.8,100,NA,857,3490,NA,62,108952,49.7,NA,54.8,3,NA,NA,56.8054,1933,1858,429.627,NA,NA,NA,388,NA
5/1/1986,7819.8,100.2,NA,789,3370,NA,64,109089,53.4,NA,56.2,2,NA,NA,56.9047,1854,1797,429.886,NA,NA,NA,395,NA
6/1/1986,7819.8,100,NA,728,3360,NA,65,109576,50.5,NA,55.9,2.8,NA,NA,56.7353,1847,1790,432.431,NA,NA,NA,375,NA
7/1/1986,7898.6,97.5,NA,698,3440,NA,59,109810,48,NA,53.4,11.5,NA,NA,57.028,1782,1780,435.611,NA,NA,NA,361,NA
8/1/1986,7898.6,91.7,NA,621,3510,NA,55,110015,52.6,NA,55.8,7,NA,NA,56.9684,1807,1726,435.656,NA,NA,NA,416,NA
9/1/1986,7898.6,89.7,NA,763,3570,NA,57,110085,52.4,NA,53.3,10.6,NA,NA,57.0715,1687,1686,436.469,NA,NA,NA,400,NA
10/1/1986,7939.5,85.8,NA,669,3570,NA,64,110273,51.2,NA,54.6,9.1,NA,NA,57.3331,1681,1675,442.654,NA,NA,NA,387,NA
11/1/1986,7939.5,89.7,NA,707,3740,NA,59,110475,51.2,NA,54.9,16.4,NA,NA,57.5917,1623,1644,436.093,NA,NA,NA,349,NA
12/1/1986,7939.5,93.2,NA,784,3900,NA,64,110728,50.5,NA,55.6,23,NA,NA,58.0866,1833,1903,434.464,NA,NA,NA,363,NA
1/1/1987,7995,85.4,NA,709,3490,NA,63,110953,54.9,NA,53.3,5.9,NA,NA,57.9061,1774,1690,435.971,NA,NA,NA,348,NA
2/1/1987,7995,91.8,NA,732,3650,NA,60,111257,52.6,NA,54.7,9.4,NA,NA,58.6459,1784,1689,440.272,NA,NA,NA,368,NA
3/1/1987,7995,95.8,NA,713,3640,NA,60,111408,55,NA,58.8,5.5,NA,NA,58.7501,1726,1704,435.599,NA,NA,NA,337,NA
4/1/1987,8084.7,97.4,NA,735,3500,NA,59,111794,55.5,NA,58.6,14,NA,NA,59.1162,1614,1601,439.426,NA,NA,NA,338,NA
5/1/1987,8084.7,103,NA,651,3630,NA,55,112434,57.2,NA,60.2,19.8,NA,NA,59.4961,1628,1500,445.322,NA,NA,NA,315,NA
6/1/1987,8084.7,102.1,NA,637,3450,NA,56,112246,57.4,NA,56.7,13.1,NA,NA,59.7775,1594,1522,438.865,NA,NA,NA,328,NA
7/1/1987,8158,105.8,NA,658,3420,NA,55,112634,57.5,NA,65.1,15.4,NA,NA,60.1917,1575,1516,445.565,NA,NA,NA,317,NA
8/1/1987,8158,110.7,NA,657,3290,NA,54,113057,59.3,NA,66.4,30.2,NA,NA,60.6921,1605,1511,447.405,NA,NA,NA,327,NA
9/1/1987,8158,115.7,NA,666,3320,NA,52,112909,60,NA,67.9,26.3,NA,NA,60.8344,1695,1514,452.679,NA,NA,NA,297,NA
10/1/1987,8292.7,115.1,NA,650,3340,NA,50,113282,60.7,NA,69.5,27.2,NA,NA,61.7212,1515,1447,453.865,NA,NA,NA,308,NA
11/1/1987,8292.7,100.8,NA,625,3230,NA,56,113505,58.8,NA,67.8,11.8,NA,NA,62.0403,1656,1457,459.602,NA,NA,NA,297,NA
12/1/1987,8292.7,107.7,NA,595,3170,NA,51,113793,61,NA,69.6,29.7,NA,NA,62.3434,1400,1345,459.343,NA,NA,NA,317,NA
1/1/1988,8339.3,109.9,NA,585,3090,NA,53,114016,57.5,NA,68.7,3.6,NA,NA,62.3759,1271,1244,449.019,NA,NA,NA,325,NA
2/1/1988,8339.3,114.9,NA,663,3230,NA,51,114227,56.2,NA,62.3,18.4,NA,NA,62.6495,1473,1438,445.121,NA,NA,NA,318,NA
3/1/1988,8339.3,112.7,NA,669,3320,NA,51,114037,54.6,NA,63.3,12.7,NA,NA,62.7893,1532,1525,459.9,NA,NA,NA,304,NA
4/1/1988,8449.5,115.7,NA,699,3430,NA,52,114650,55.8,NA,56.7,26.6,NA,NA,63.1255,1573,1429,459.984,NA,NA,NA,313,NA
5/1/1988,8449.5,120.2,NA,684,3540,NA,54,114292,55.5,NA,60.1,17.8,NA,NA,63.0558,1421,1444,462.538,NA,NA,NA,309,NA
6/1/1988,8449.5,115.7,NA,717,3670,NA,49,114927,59.3,NA,62.6,17.5,NA,NA,63.2204,1478,1485,461.764,NA,NA,NA,305,NA
7/1/1988,8498.3,113.5,NA,679,3560,NA,54,115060,58.2,NA,71.8,23.6,NA,NA,63.2598,1467,1439,463.025,NA,NA,NA,303,NA
8/1/1988,8498.3,119.7,NA,688,3550,NA,56,115282,56,NA,64,15.3,NA,NA,63.5423,1493,1460,460.208,NA,NA,NA,316,NA
9/1/1988,8498.3,110.7,NA,703,3560,NA,53,115356,54.5,NA,62.4,25.6,NA,NA,63.3629,1492,1436,460.352,NA,NA,NA,305,NA
10/1/1988,8610.9,116.9,NA,718,3580,NA,49,115638,55.4,NA,60.6,27.2,NA,NA,63.6698,1522,1516,466.073,NA,NA,NA,292,NA
11/1/1988,8610.9,112.9,NA,628,3530,NA,58,116100,55.6,NA,60.7,27.2,NA,NA,63.7732,1569,1508,468.224,NA,NA,NA,284,NA
12/1/1988,8610.9,119.4,NA,658,3730,NA,60,116104,56,NA,59.3,22.8,NA,NA,64.0725,1563,1501,479.559,NA,NA,NA,285,NA
1/1/1989,8697.7,115.8,NA,719,3600,NA,54,116708,54.7,NA,61.5,28.2,NA,NA,64.2712,1621,1466,482.931,NA,NA,NA,299,NA
2/1/1989,8697.7,120.7,NA,622,3500,NA,53,116776,54.1,NA,58.9,20.2,NA,NA,63.9725,1425,1383,480.197,NA,NA,NA,322,NA
3/1/1989,8697.7,117.4,NA,567,3300,NA,48,117022,51.5,NA,55.1,18.1,NA,NA,64.1326,1422,1214,472.057,NA,NA,NA,325,NA
4/1/1989,8766.1,116.6,NA,608,3170,NA,44,117097,52.2,NA,54.5,3.9,NA,NA,64.203,1339,1376,474.846,NA,NA,NA,314,NA
5/1/1989,8766.1,116.7,NA,656,3110,NA,44,117099,49.3,NA,51.8,-10.1,NA,NA,63.7257,1331,1381,478.359,NA,NA,NA,320,NA
6/1/1989,8766.1,117.2,NA,642,3120,NA,45,117418,47.3,NA,49.7,-7.6,NA,NA,63.7651,1397,1322,474.03,NA,NA,NA,332,NA
7/1/1989,8831.5,120.4,NA,731,3260,NA,46,117472,45.9,NA,49.6,-16.8,NA,NA,63.1729,1427,1283,476.203,NA,NA,NA,341,NA
8/1/1989,8831.5,115.4,NA,697,3320,NA,50,117655,45.1,NA,45.5,-9.4,NA,NA,63.7294,1332,1334,477.563,NA,NA,NA,341,NA
9/1/1989,8831.5,116.3,NA,639,3540,NA,51,117354,46,NA,45.8,-5.4,NA,NA,63.5331,1279,1314,479.295,NA,NA,NA,336,NA
10/1/1989,8850.2,117,NA,645,3490,NA,48,117581,46.8,NA,51,-6.9,NA,NA,63.4702,1410,1365,477.697,NA,NA,NA,407,NA
11/1/1989,8850.2,115.1,NA,684,3410,NA,46,117912,46.8,NA,48.9,-4.3,NA,NA,63.6855,1351,1344,483.914,NA,NA,NA,336,NA
12/1/1989,8850.2,113,NA,630,3370,NA,43,117830,47.4,NA,49.2,-2,NA,NA,64.0639,1251,1422,478.202,NA,NA,NA,338,NA
1/1/1990,8947.1,106.5,NA,620,3630,NA,42,119081,47.2,NA,47.6,-7.4,NA,NA,63.6658,1551,1748,488.197,NA,NA,NA,355,NA
2/1/1990,8947.1,106.7,NA,591,3400,NA,44,119059,49.1,NA,50.5,-22,NA,NA,64.2643,1437,1329,499.161,NA,NA,NA,367,NA
3/1/1990,8947.1,110.6,NA,574,3340,NA,40,119203,49.9,NA,52.7,-22,NA,NA,64.6143,1289,1246,495.683,NA,NA,NA,349,NA
4/1/1990,8981.7,107.3,NA,542,3220,NA,39,118852,50,NA,53.5,-9.1,NA,NA,64.5467,1248,1136,490.202,NA,NA,NA,367,NA
5/1/1990,8981.7,107.3,NA,534,3200,NA,36,119151,49.5,NA,55.1,-16.5,NA,NA,64.6526,1212,1067,485.704,NA,NA,NA,355,NA
6/1/1990,8981.7,102.4,NA,545,3210,NA,36,118983,49.2,NA,53.1,-8.6,NA,NA,64.8701,1177,1108,481.307,NA,NA,NA,359,NA
7/1/1990,8983.9,101.7,NA,542,3190,NA,32,118810,46.6,NA,50.3,-17.7,NA,NA,64.8027,1171,1078,485.8,NA,NA,NA,362,NA
8/1/1990,8983.9,84.7,NA,528,3340,NA,30,118802,46.1,NA,48.7,-18.2,NA,NA,64.9801,1115,1069,477.014,NA,NA,NA,381,NA
9/1/1990,8983.9,85.6,NA,496,3180,NA,31,118524,44.5,NA,48.8,-43.5,NA,NA,65.1002,1110,976,464.882,NA,NA,NA,390,NA
10/1/1990,8907.4,62.6,NA,465,3120,NA,28,118536,43.2,NA,46.2,-48.2,NA,NA,64.604,1014,925,461.242,NA,NA,NA,404,NA
11/1/1990,8907.4,61.7,NA,493,2980,NA,25,118306,41.3,NA,45,-27.2,NA,NA,63.8483,1145,941,456.356,NA,NA,NA,448,NA
12/1/1990,8907.4,61.2,NA,464,2900,NA,22,118241,40.8,NA,43.9,-37.1,NA,NA,63.4125,969,861,449.638,NA,NA,NA,449,NA
1/1/1991,8865.6,55.1,NA,401,2900,NA,20,117940,39.2,NA,41.6,-31.9,NA,NA,63.1424,798,786,431.163,NA,NA,NA,437,NA
2/1/1991,8865.6,59.4,NA,482,3090,NA,27,117755,39.4,NA,44.8,-22,NA,NA,62.713,965,853,437.964,NA,NA,NA,480,NA
3/1/1991,8865.6,81.1,NA,507,3120,NA,36,117652,40.7,NA,44.4,-11.8,NA,NA,62.3674,921,911,427.999,NA,NA,NA,499,NA
4/1/1991,8934.4,79.4,NA,508,3230,NA,41,118109,42.8,NA,41.5,-6.5,NA,NA,62.5098,1001,916,435.154,NA,NA,NA,452,NA
5/1/1991,8934.4,76.4,NA,517,3400,NA,40,117440,44.5,NA,46.8,3.8,NA,NA,63.1192,996,991,424.804,NA,NA,NA,446,NA
6/1/1991,8934.4,78,NA,516,3400,NA,42,117639,50.3,NA,48.1,12.9,NA,NA,63.7113,1036,964,425.835,NA,NA,NA,441,NA
7/1/1991,8977.3,77.7,NA,511,3260,NA,41,117568,50.6,NA,49.9,20.4,NA,NA,63.7413,1063,973,426.788,NA,NA,NA,422,NA
8/1/1991,8977.3,76.1,NA,526,3130,NA,36,117484,52.9,NA,54,26.9,NA,NA,63.7967,1049,944,436.351,NA,NA,NA,437,NA
9/1/1991,8977.3,72.9,NA,487,3170,NA,37,117928,54.9,NA,54.6,19.9,NA,NA,64.3704,1015,974,435.766,NA,NA,NA,424,NA
10/1/1991,9016.4,60.1,NA,524,3070,NA,37,117800,53.1,NA,55.2,9.5,NA,NA,64.2403,1079,991,439.459,NA,NA,NA,425,NA
11/1/1991,9016.4,52.7,NA,575,3090,NA,37,117770,49.5,NA,52.9,1.2,NA,NA,64.1795,1103,984,433.639,NA,NA,NA,453,NA
12/1/1991,9016.4,52.5,NA,558,3140,NA,35,117466,46.8,NA,49.9,-18.8,NA,NA,63.9123,1079,1061,433.334,NA,NA,NA,475,NA
1/1/1992,9123,50.2,NA,676,3260,NA,44,117978,47.3,NA,48.7,-2.1,NA,NA,63.5266,1176,1077,441.354,NA,NA,NA,440,164083
2/1/1992,9123,47.3,NA,639,3500,NA,49,117753,52.7,NA,49.3,0.6,NA,NA,63.99,1250,1146,447.083,191896,114535,82931,445,164260
3/1/1992,9123,56.5,NA,554,3510,NA,46,118144,54.6,NA,51.5,14.9,NA,NA,64.5493,1297,1082,462.168,199432,120025,85725,421,163747
4/1/1992,9223.5,65.1,NA,546,3500,NA,46,118426,52.6,NA,53.6,20.1,NA,NA,65.0187,1099,1054,461.312,200307,124470,86604,413,164759
5/1/1992,9223.5,71.9,NA,554,3420,NA,47,118375,55.7,NA,56.1,17,NA,NA,65.2435,1214,1056,465.965,204434,125822,88340,417,165617
6/1/1992,9223.5,72.6,NA,596,3340,NA,45,118419,53.6,NA,56.4,14.8,NA,NA,65.2508,1145,1057,464.179,206045,122834,88219,416,166098
7/1/1992,9313.2,61.2,NA,627,3350,NA,46,118713,53.9,NA,58.1,28.4,NA,NA,65.8249,1139,1089,464.913,203746,122590,87727,408,167305
8/1/1992,9313.2,59,NA,636,3320,NA,49,118826,53.4,NA,58.6,16.5,NA,NA,65.5068,1226,1075,458.958,202719,120411,87497,406,167797
9/1/1992,9313.2,57.3,NA,650,3390,NA,48,118720,49.7,NA,57.9,21,NA,NA,65.6482,1186,1114,464.654,207022,120711,88681,416,169407
10/1/1992,9406.5,54.6,NA,621,3590,NA,50,118628,50.3,NA,49.8,-4.9,NA,NA,66.1472,1244,1132,472.017,202475,127392,87064,374,170681
11/1/1992,9406.5,65.6,NA,614,3660,NA,54,118876,53.6,NA,54.3,18,NA,NA,66.4346,1214,1118,471.807,207409,122374,89497,374,171025
12/1/1992,9406.5,78.1,NA,650,3830,NA,56,118997,54.2,NA,58.8,25.3,NA,NA,66.4919,1227,1176,478.324,209452,126080,91359,359,172995
1/1/1993,9424.1,76.7,13.22,596,3710,NA,55,119075,55.8,NA,61.7,31.1,NA,NA,66.7813,1210,1177,458.08,209361,121637,91074,354,175078
2/1/1993,9424.1,68.5,12.73,604,3540,NA,52,119275,55.2,NA,61.7,34.4,NA,NA,67.0489,1210,1148,462.967,208770,128854,90448,319,173770
3/1/1993,9424.1,63.2,13.07,602,3440,NA,53,119542,53.5,NA,60.2,16.2,NA,NA,67.0024,1083,1056,458.399,210667,126762,91923,354,172328
4/1/1993,9480.1,67.6,14.27,701,3440,NA,52,119474,50.2,NA,54.8,23.3,NA,NA,67.2033,1258,1104,469.425,209008,127395,91700,353,176766
5/1/1993,9480.1,61.9,14.24,626,3600,NA,51,120115,51.2,NA,53.1,14.7,NA,NA,66.9724,1260,1112,468.998,210158,126529,91493,339,178445
6/1/1993,9480.1,58.6,14.22,653,3720,NA,53,120290,49.6,NA,53.7,3.3,NA,NA,67.0973,1280,1130,480.247,210448,130212,91139,343,178201
7/1/1993,9526.3,59.2,14.18,655,3830,NA,57,120467,50.2,NA,52,-2.5,NA,NA,67.3083,1254,1174,483.571,210150,128111,92496,314,180759
8/1/1993,9526.3,59.3,13.31,645,3850,NA,60,120856,50.7,NA,52.5,-0.6,NA,NA,67.2428,1300,1230,491.494,210608,129378,93424,346,180692
9/1/1993,9526.3,63.8,13.71,726,3920,NA,62,120554,50.8,NA,55.1,7.3,NA,NA,67.5676,1343,1251,497.297,212580,127233,94082,333,181800
10/1/1993,9653.5,60.5,14.64,704,3930,NA,66,120823,53.4,NA,56.3,8.9,NA,NA,68.0788,1392,1287,492.823,214521,133168,96033,355,182910
11/1/1993,9653.5,71.9,14.58,769,4080,NA,71,121169,53.8,NA,60.7,18.7,NA,NA,68.3614,1376,1357,515.934,211886,130391,94450,350,184746
12/1/1993,9653.5,79.8,14.72,812,4280,NA,71,121464,55.6,NA,60.2,41.2,NA,NA,68.7241,1533,1461,533.15,214349,133565,97857,334,186339
1/1/1994,9748.2,82.6,15.07,619,4170,NA,70,121966,56,NA,60,27.3,NA,NA,68.9766,1272,1390,513.314,215877,138498,97250,343,185128
2/1/1994,9748.2,79.9,15.24,686,3960,NA,64,122086,56.5,NA,62.2,21.4,NA,NA,68.995,1337,1269,513.196,218203,137141,98720,354,188077
3/1/1994,9748.2,86.7,15.02,747,4050,NA,61,121930,56.9,NA,64.3,19.8,NA,NA,69.7083,1564,1342,521.04,219139,136548,98497,341,191588
4/1/1994,9881.4,92.1,15.73,692,4140,NA,61,122290,57.4,NA,66.7,16.6,NA,NA,70.0755,1465,1392,528.063,220771,140336,101101,349,191632
5/1/1994,9881.4,88.9,14.29,691,4090,NA,59,122864,58.2,NA,67.5,22.1,NA,NA,70.4566,1526,1396,532.328,223412,142630,102623,371,190940
6/1/1994,9881.4,92.5,14.81,621,3970,NA,57,122634,58.8,NA,65.4,24.7,NA,NA,70.9149,1409,1357,536.198,226439,145063,104475,338,193196
7/1/1994,9939.7,91.3,14.56,628,3820,NA,53,122706,58.5,NA,67.1,18.4,NA,NA,71.0417,1439,1335,537.232,227522,145013,104841,341,193763
8/1/1994,9939.7,90.4,15.03,656,3850,NA,53,123342,58,NA,64.6,18.3,NA,NA,71.4359,1450,1377,537.96,228014,145884,103904,338,196157
9/1/1994,9939.7,89.5,14.95,677,3760,NA,50,123687,59,NA,63.6,18.4,NA,NA,71.7049,1474,1412,538.215,229716,145487,104826,331,197754
10/1/1994,10052.5,89.1,15.56,715,3780,NA,49,124112,59.4,NA,65.2,26.1,NA,NA,72.3293,1450,1397,533.273,233495,149547,107955,341,199579
11/1/1994,10052.5,100.4,15.54,646,3710,NA,50,124516,59.2,NA,63.4,24.5,NA,NA,72.7814,1511,1340,539.15,233581,150038,107142,329,199723
12/1/1994,10052.5,103.4,15.25,629,3810,NA,43,124721,56.1,NA,63.3,23.1,NA,NA,73.5516,1455,1396,541.794,239606,152489,109357,329,200670
1/1/1995,10086.9,101.4,14.84,626,3680,NA,40,124663,57.4,NA,63.5,8.8,NA,NA,73.7053,1407,1282,543.93,241132,150459,111899,338,201583
2/1/1995,10086.9,99.4,14.52,559,3670,NA,42,124928,55.1,NA,64.8,9.3,NA,NA,73.618,1316,1254,537.826,240543,153856,109484,348,198383
3/1/1995,10086.9,100.2,14.92,616,3650,NA,40,124955,52.1,NA,55.9,2,NA,NA,73.7419,1249,1226,542.715,239019,152888,109712,347,200230
4/1/1995,10122.1,104.6,14.03,621,3460,NA,42,124945,51.5,NA,56.6,-11.2,NA,NA,73.7172,1267,1259,543.096,242449,151401,110480,347,201048
5/1/1995,10122.1,102,14.46,674,3690,NA,43,124421,46.7,NA,53.3,-8.6,NA,NA,73.9368,1314,1271,542.566,241911,152838,111794,364,202993
6/1/1995,10122.1,94.6,15.07,725,3840,NA,45,124522,45.9,NA,46.6,-21,NA,NA,74.2075,1281,1305,546.131,241289,150051,109440,367,205507
7/1/1995,10208.8,101.4,14.37,765,3960,NA,49,124816,50.7,NA,51.3,-19.7,NA,NA,73.9108,1461,1354,547.342,241344,148915,108990,372,204959
8/1/1995,10208.8,102.4,15.05,701,4110,NA,50,124852,47.1,NA,49.8,1.1,NA,NA,74.8558,1416,1386,550.996,243923,154372,112316,353,206529
9/1/1995,10208.8,97.3,15.01,678,4170,NA,51,125133,48.1,NA,48.2,26.2,NA,NA,75.1585,1369,1421,554.011,246170,160175,113019,371,206978
10/1/1995,10281.2,96.3,14.52,696,4130,NA,55,125388,46.7,NA,54.8,21.8,NA,NA,75.0565,1369,1400,555.132,247745,155473,115650,374,206157
11/1/1995,10281.2,101.6,15.07,664,4120,NA,52,125188,45.9,NA,48.5,5.3,NA,NA,75.2451,1452,1430,557.445,245031,156146,113473,370,208661
12/1/1995,10281.2,99.2,15.93,709,4100,NA,53,125088,46.2,NA,55.4,19.5,NA,NA,75.5328,1431,1442,557.953,250837,163279,116432,346,210434
1/1/1996,10348.7,88.4,14.49,714,4060,NA,54,125125,45.5,NA,50.7,-14.7,NA,NA,75.0375,1467,1387,575.138,242086,155806,112070,361,208731
2/1/1996,10348.7,98,15.25,769,4010,NA,49,125639,45.9,NA,46.3,4.9,NA,NA,76.2123,1491,1420,568.052,237565,150773,110398,387,212011
3/1/1996,10348.7,98.4,15.72,721,4200,NA,59,125862,46.9,NA,49.6,-3.4,NA,NA,76.1132,1424,1437,574.538,248539,164976,114653,361,213855
4/1/1996,10529.4,104.8,15.15,736,4340,NA,60,125994,49.3,NA,50.8,21.3,NA,NA,76.787,1516,1463,590.464,247292,156830,113802,369,214644
5/1/1996,10529.4,103.5,15.65,746,4310,NA,61,126244,49.1,NA,52.4,19.5,NA,NA,77.3465,1504,1457,600.186,251373,164502,117175,352,216304
6/1/1996,10529.4,100.1,14.91,721,4170,NA,59,126602,53.6,NA,53.3,21,NA,NA,78.001,1467,1429,602.15,252896,164599,117889,351,216059
7/1/1996,10626.8,107,14.74,770,4240,NA,58,126947,49.7,NA,49.8,29.3,NA,NA,77.8617,1472,1450,599.899,251919,163588,116598,342,216374
8/1/1996,10626.8,112,15.16,826,4190,NA,56,127172,51.6,NA,57.1,13.7,NA,NA,78.3178,1557,1413,603.959,253629,157310,117708,331,216355
9/1/1996,10626.8,111.8,15.22,770,4120,NA,55,127536,51.1,NA,56.4,12.9,NA,NA,78.8568,1475,1392,615.466,252909,165442,116336,333,219240
10/1/1996,10739.1,107.3,15.01,720,4130,NA,56,127890,50.5,NA,58,8.3,NA,NA,78.7966,1392,1358,621.761,255828,165266,119499,334,221039
11/1/1996,10739.1,109.5,15.42,771,4210,NA,54,127771,53,NA,57.4,10.9,NA,NA,79.4841,1489,1412,620.812,258323,170783,119569,327,220989
12/1/1996,10739.1,114.2,14.87,805,4170,NA,55,127860,55.2,NA,58.4,7.9,NA,NA,80.0103,1370,1411,606.078,254542,162332,116695,355,221898
1/1/1997,10820.9,118.7,15.38,830,4260,NA,54,128298,53.8,NA,56.9,12.8,NA,NA,80.1165,1355,1382,608.608,257573,161815,118680,324,223524
2/1/1997,10820.9,118.9,14.97,801,4280,NA,52,128298,53.1,NA,57.5,17,NA,NA,81.0984,1486,1445,615.415,263880,170234,123498,315,225409
3/1/1997,10820.9,118.5,15.5,831,4190,NA,57,128891,53.8,NA,57.9,13.5,NA,NA,81.6687,1457,1436,620.467,263166,167642,123248,317,226136
4/1/1997,10984.2,118.5,14.74,744,4190,NA,56,129143,53.7,NA,57.2,6.6,NA,NA,81.7338,1492,1421,616.175,265519,173925,125785,330,224588
5/1/1997,10984.2,127.9,14.77,760,4320,NA,55,129464,56.1,NA,57,1.1,NA,NA,82.239,1442,1414,624.743,263183,168662,122943,318,222906
6/1/1997,10984.2,129.9,14.22,793,4250,NA,56,129412,54.9,NA,59.9,17.9,NA,NA,82.6559,1494,1402,626.396,266457,174819,126363,329,226048
7/1/1997,11124,126.3,15.24,805,4300,NA,55,129822,57.7,56.7,57.7,20.3,NA,NA,83.2877,1437,1440,637.41,268720,178798,128970,328,228738
8/1/1997,11124,127.6,15.81,815,4470,NA,58,130010,56.3,62,62.9,17.2,NA,NA,84.1645,1390,1449,639.593,269507,177318,127725,329,229317
9/1/1997,11124,130.2,14.75,840,4530,NA,59,130019,53.9,56.2,59.3,19.1,NA,NA,84.9461,1546,1494,646.526,271684,177920,130812,313,230284
10/1/1997,11210.3,123.4,15.08,800,4650,NA,59,130179,56.4,56.6,57.6,19.4,NA,NA,85.7146,1520,1499,653.196,269052,177722,127299,305,229822
11/1/1997,11210.3,128.1,15.49,864,4570,NA,58,130653,55.7,58.5,60.8,19.6,NA,NA,86.4663,1510,1469,643.71,272267,191133,128568,308,230486
12/1/1997,11210.3,136.2,16.12,793,4670,NA,60,130679,54.5,55.5,59.8,15.4,NA,NA,86.7538,1566,1456,642.021,269525,173851,128269,317,231197
1/1/1998,11321.2,128.3,14.41,872,4610,NA,60,130726,53.8,57,60.2,18.6,NA,NA,87.2135,1525,1555,645.686,268942,174315,127332,331,231605
2/1/1998,11321.2,137.4,14.84,866,4830,NA,65,130807,52.9,56.2,58.5,13.3,NA,NA,87.3107,1584,1647,648.121,272007,181226,130613,311,231664
3/1/1998,11321.2,133.8,15.01,836,4940,NA,66,130814,52.9,54.7,58.4,10.6,NA,NA,87.3862,1567,1605,666.906,269403,176987,128820,308,233043
4/1/1998,11431,137.2,15.55,866,4910,NA,67,131209,52.2,54.9,57.1,8.9,NA,NA,87.7101,1540,1547,674.351,265989,180720,126425,304,235976
5/1/1998,11431,136.3,16.67,887,4960,NA,67,131325,50.9,56.2,56.6,13.2,NA,NA,88.2739,1536,1554,674.325,269874,180703,129706,306,237055
6/1/1998,11431,138.2,16.4,923,4900,NA,70,131244,48.9,55.1,51,23.9,NA,NA,87.7078,1641,1551,703.177,268998,172230,130021,306,238958
7/1/1998,11580.6,137.2,14.26,876,5020,NA,71,131329,49.2,55.8,54.9,8.5,NA,NA,87.3794,1698,1610,696.54,264492,170514,126119,320,237423
8/1/1998,11580.6,133.1,14.37,846,4970,NA,72,131390,49.3,53.5,50.9,10.4,NA,NA,89.1674,1614,1654,698.156,265622,179096,126629,316,236412
9/1/1998,11580.6,126.4,15.89,864,4970,NA,71,131986,48.7,55,52.4,-14.2,NA,NA,88.9731,1582,1577,707.561,267028,181385,128844,304,238542
10/1/1998,11770.7,119.3,16.7,893,5050,NA,73,131999,48.7,53.8,49.4,3.6,NA,NA,89.6793,1715,1719,707.943,262857,178401,125362,316,242531
11/1/1998,11770.7,126.4,15.66,995,5120,NA,77,132280,48.2,52.6,51.9,-4.9,NA,NA,89.6264,1660,1672,707.845,264884,182461,128117,316,244307
12/1/1998,11770.7,126.7,17.03,949,5280,NA,78,132602,46.8,52.9,52.6,4.4,NA,NA,89.9401,1792,1742,706.989,267705,178376,130754,305,246577
1/1/1999,11864.7,128.9,16.16,875,5230,NA,75,133027,50.6,55.6,50.4,13.8,NA,NA,90.3455,1748,1732,708.818,264798,186641,127121,345,246891
2/1/1999,11864.7,133.1,16.62,848,5100,NA,71,132856,51.7,54.4,52.1,15.3,NA,NA,90.7793,1670,1720,726.308,269132,185459,130131,291,249510
3/1/1999,11864.7,134,16.4,863,5150,NA,71,132947,52.4,55.3,55.6,4.5,NA,NA,90.9478,1710,1665,737.226,267627,184837,129590,300,250657
4/1/1999,11962.5,135.5,16.49,918,5080,NA,71,132955,52.3,55.5,61.2,20.8,NA,NA,91.1599,1553,1600,728.788,268790,182831,130328,319,252418
5/1/1999,11962.5,137.7,17.12,888,5190,NA,75,133311,54.3,55.3,57.4,13,NA,NA,91.8275,1611,1640,727.358,270330,186005,130669,310,254738
6/1/1999,11962.5,139,16.91,923,5430,NA,77,133378,55.8,56.7,56.5,5.6,NA,NA,91.6683,1559,1702,739.167,271741,182587,130538,290,255472
7/1/1999,12113.1,136.2,17.25,900,5250,NA,75,133414,53.6,56.2,58.8,9.9,NA,NA,92.2543,1669,1682,745.815,275997,189203,134372,288,257441
8/1/1999,12113.1,136,17.19,893,5230,NA,72,133591,54.8,56.4,58.6,13.7,NA,NA,92.6387,1648,1671,741.524,277146,189435,134091,295,260253
9/1/1999,12113.1,134.2,17.19,826,5120,NA,72,133707,57,56.2,52,13.9,NA,NA,92.305,1635,1551,751.402,280279,188824,135700,281,261352
10/1/1999,12323.3,130.5,17.22,872,5110,NA,69,133993,57.2,57.6,59.1,16,NA,NA,93.5382,1608,1649,759.906,283849,194481,137028,291,261825
11/1/1999,12323.3,137,17.14,863,5090,NA,70,134309,58.1,54.9,59.4,20.6,NA,NA,93.999,1648,1672,781.199,282327,186625,134691,282,264883
12/1/1999,12323.3,141.7,17.87,873,5080,NA,70,134523,57.8,56.9,56.7,13.9,NA,NA,94.7292,1708,1683,789.431,286701,196253,138999,272,269876
1/1/2000,12359.1,144.7,18.32,873,5230,NA,69,136559,56.7,56.6,59.3,11.5,NA,NA,94.7615,1636,1727,784.94,288990,201518,139694,298,268091
2/1/2000,12359.1,140.8,18.91,856,5120,NA,68,136598,55.8,56.2,57.2,14.7,NA,NA,95.0664,1737,1692,793.737,280395,183824,132317,300,272020
3/1/2000,12359.1,137.1,17.98,900,5190,NA,64,136701,54.9,57.4,56.3,19.5,NA,NA,95.4649,1604,1651,809.459,292157,192218,139885,270,275214
4/1/2000,12592.5,137.7,17.62,841,5200,NA,63,137270,54.7,58,55.6,10.2,NA,NA,96.1873,1626,1597,804.766,294123,194837,141160,268,271004
5/1/2000,12592.5,144.7,17.48,857,5110,NA,63,136630,53.2,57.7,53.5,13.9,NA,NA,96.3963,1575,1543,805.005,289633,188796,138049,293,271418
6/1/2000,12592.5,139.2,17.16,793,5130,NA,58,136940,51.4,56.9,53.4,2.4,NA,NA,96.488,1559,1572,795.411,298282,219797,143487,284,273440
7/1/2000,12607.7,143,16.86,887,5110,NA,59,136531,52.5,55.3,52.1,4.7,NA,NA,96.386,1463,1542,783.795,292246,189409,138085,293,272638
8/1/2000,12607.7,140.8,16.92,848,5170,NA,60,136662,49.9,57.6,47.2,17,NA,NA,96.0455,1541,1552,805.341,290883,188712,138762,315,272943
9/1/2000,12607.7,142.5,18.24,912,5290,NA,60,136893,49.7,56.7,50.1,5.5,NA,NA,96.4354,1507,1570,814.33,296054,199927,141475,309,277523
10/1/2000,12679.3,135.8,17.27,933,5250,NA,62,137088,48.7,56.7,48,1.9,NA,NA,96.1096,1549,1577,816.1,290632,186164,137255,309,276973
11/1/2000,12679.3,132.6,16.33,880,5350,NA,63,137322,48.5,56.2,43.7,6.9,NA,NA,96.1276,1551,1614,820.054,290130,189209,135941,318,275923
12/1/2000,12679.3,128.6,15.65,983,5100,NA,57,137614,43.9,54,45.3,-8,NA,NA,95.8441,1532,1543,811.516,290128,188479,135113,321,275736
1/1/2001,12643.3,115.7,17.32,936,5100,101.5,52,137778,42.3,51.6,42.5,-36.2,NA,NA,95.1747,1600,1699,814.479,286259,177281,131773,337,278916
2/1/2001,12643.3,109.2,17.5,963,5230,106.7,58,137612,42.1,51.3,41.6,-29.2,NA,53.9,94.5581,1625,1656,813.647,286033,180244,131232,365,278799
3/1/2001,12643.3,116.9,16.93,939,5450,101.7,60,137783,43.1,50.7,35.1,-20.3,NA,53.9,94.2954,1590,1659,828.057,277098,182151,125523,393,276468
4/1/2001,12710.3,109.9,16.59,909,5320,98.7,59,137299,42.7,48.3,39.4,-10.5,NA,52.4,94.0294,1649,1666,842.392,270532,171699,120597,398,280804
5/1/2001,12710.3,116.1,16.56,885,5270,101.4,58,137092,41.3,49,37.6,-11.8,NA,54.8,93.3526,1605,1665,848.146,278387,177677,126251,390,281540
6/1/2001,12710.3,118.9,17.16,882,5430,98,59,136873,43.2,50.1,41.4,-7.3,NA,55.3,92.7435,1636,1626,855.73,272754,176414,125116,411,280399
7/1/2001,12670.1,116.3,16.18,880,5430,97.8,57,137071,43.5,48.1,39.3,-12.6,-13.29,54,92.249,1670,1598,850.471,270194,170315,121875,401,279522
8/1/2001,12670.1,114,16.06,866,5480,97.5,59,136241,46.3,46.9,43.1,-18.2,-7.98,54.4,92.05,1567,1615,847.465,273454,170530,122129,394,281423
9/1/2001,12670.1,97,16.1,853,5230,89.8,55,136846,46.2,49.5,46.8,-8.2,-12.48,52.1,91.7355,1562,1565,837.412,266167,164120,118472,408,276095
10/1/2001,12705.3,85.3,21.77,871,5250,98,46,136392,40.8,44.8,45.2,-23.5,-14.73,57.6,91.3042,1540,1566,845.941,262185,171632,115237,476,294613
11/1/2001,12705.3,84.9,17.79,924,5240,102.4,48,136238,44.1,48.2,43.1,-18,-21.51,56.7,90.8141,1602,1651,843.911,263114,163628,116993,428,286960
12/1/2001,12705.3,94.6,16.2,979,5490,108.6,55,136047,45.3,49.7,42,-11.1,-9.78,60.5,90.8243,1568,1680,849.689,264533,165164,118258,393,283708
1/1/2002,12822.3,97.8,16.2,880,5860,106.3,58,135701,47.5,48.9,45.2,11.1,1.41,61.1,91.403,1698,1665,858.654,258947,162611,113526,418,283577
2/1/2002,12822.3,95,16.93,948,5900,106,58,136438,50.7,52.7,50.7,11.2,13.3,60.4,91.402,1829,1787,862.338,260484,171186,115622,397,285061
3/1/2002,12822.3,110.7,16.83,923,5630,103.3,62,136177,52.4,52.8,55.2,12.1,13.8,62.9,92.1252,1642,1691,844.551,261799,168658,114730,399,284263
4/1/2002,12893,108.5,17.41,936,5670,103.2,61,136126,52.4,53.5,55.6,12.6,20.18,60.5,92.5335,1592,1669,858.24,265267,171070,118218,445,288820
5/1/2002,12893,110.3,15.86,978,5640,99.4,61,136539,53.1,54.8,57.9,10.1,12.93,60.6,92.9145,1764,1716,850.935,269478,172689,120370,413,284994
6/1/2002,12893,106.3,16.44,957,5510,98.7,61,136415,53.6,52.5,56.4,20.2,8.91,59.7,93.8071,1717,1758,846.777,267260,165909,117377,388,287401
7/1/2002,12955.8,97.4,17.76,956,5410,100.5,61,136413,50.2,50.4,53.4,5.9,-1.86,54.9,93.5978,1655,1738,847.129,264458,174971,117218,391,290427
8/1/2002,12955.8,94.5,18.09,1014,5360,101.7,55,136705,50.3,50.9,53.8,-1.5,8.25,55.6,93.6123,1633,1695,839.008,267127,177661,117092,389,292582
9/1/2002,12955.8,93.7,16.35,1044,5520,102.8,63,137302,50.5,52.3,51.7,4.4,6.35,54.9,93.7211,1804,1803,832.134,270112,168024,117331,416,288434
10/1/2002,12964,79.6,15.87,1006,5680,100.9,61,137008,49,51.4,45.9,-7.5,-3.79,53.4,93.4327,1648,1799,839.69,268007,167444,116083,405,289634
11/1/2002,12964,84.9,16.11,1024,5730,103.8,62,136521,48.5,52.9,53.3,7.2,3.97,54.4,93.9229,1753,1771,844.697,269299,170400,116629,400,291475
12/1/2002,12964,80.7,17.89,1048,5970,103.1,63,136426,51.6,52.3,53.7,7.2,2.38,53.3,93.4505,1788,1896,855.921,268506,163243,115605,425,293819
1/1/2003,13031.2,78.8,16.46,999,6030,105.4,62,137417,51.3,53.3,54.2,6,8.1,52.4,94.0868,1853,1808,863.855,269561,169256,115736,378,295294
2/1/2003,13031.2,64.8,15.86,936,6020,99.3,63,137482,48.8,52.6,53.7,-1.5,-3.54,50,94.3655,1629,1854,859.225,274009,172894,117912,390,291178
3/1/2003,13031.2,61.4,16.25,999,5860,103.9,56,137434,46.3,49.1,49,-4,6.45,48.8,94.1543,1726,1757,851.132,274961,173255,116802,424,296347
4/1/2003,13152.1,81,16.48,1012,5840,105.5,55,137633,46.1,50.1,47.5,-6.6,-14.49,56.4,93.444,1643,1803,859.459,266405,169379,114784,434,295643
5/1/2003,13152.1,83.6,16.18,1078,5940,105.8,60,137544,49,52.8,49.8,-0.6,15.67,56.2,93.4875,1751,1835,866.814,268997,171118,116521,417,296395
6/1/2003,13152.1,83.5,16.72,1193,5940,110.8,63,137790,49,54.3,55,3.6,25.13,56.1,93.5856,1867,1875,880.865,273009,174222,117996,429,299662
7/1/2003,13372.4,77,16.82,1168,6270,113.6,65,137474,51,57.3,54.8,7.7,19.33,56.2,94.0002,1897,1885,891.264,275375,173107,118192,412,302788
8/1/2003,13372.4,81.7,17.96,1206,6520,107.5,67,137549,53.2,59.1,59.4,20.1,15.55,54.8,93.8015,1833,1966,901.839,277420,174406,120226,404,307745
9/1/2003,13372.4,77,16.98,1131,6580,107.8,67,137609,52.4,57.6,54.2,20.9,20.39,52.5,94.3862,1939,1961,911.589,279377,178217,121742,422,305916
10/1/2003,13528.7,81.7,16.19,1144,6390,110.1,69,137984,55.2,58.7,54.8,28.1,36.79,53.3,94.4645,1967,2012,925.732,283835,183356,125225,376,304824
11/1/2003,13528.7,92.5,17.24,1093,6230,110.1,68,138424,58.4,57.5,61.1,26.7,33.95,55.9,95.2175,2083,1918,925.985,282048,182112,124434,371,308551
12/1/2003,13528.7,94.8,17.05,1129,6490,108.9,69,138411,60.1,56.8,62,26.6,27.37,58.8,95.1269,2057,1987,948.491,283686,181003,124776,367,307362
1/1/2004,13606.5,97.7,16.35,1165,6230,111.1,68,138472,60.8,61.2,64.7,36.6,32.47,60.6,95.3012,1911,1952,938.826,283470,176956,123127,354,309225
2/1/2004,13606.5,88.5,16.67,1159,6410,114.1,66,138542,59.9,58,62.3,28.1,36.98,56.5,95.8359,1846,1966,938.656,282536,180501,123974,380,311427
3/1/2004,13606.5,88.5,16.9,1276,6660,120.7,66,138453,60.6,58.3,57.9,29.5,32.64,54.5,95.3155,1998,2066,960.946,295269,191675,131567,344,316935
4/1/2004,13706.2,93,16.54,1186,6730,117.5,69,138680,60.6,59.6,64.1,32.1,38.99,52.8,95.6825,2003,2070,967.761,292931,184064,127921,355,313531
5/1/2004,13706.2,93.1,17.81,1241,6850,121.7,69,138852,61.4,58.5,65.4,29.1,36.96,54.8,96.4212,1981,2150,974.158,295352,183500,128139,329,318962
6/1/2004,13706.2,102.8,15.8,1180,6920,119.5,68,139174,60.5,58.6,60.9,30.5,27.04,52.8,95.6445,1828,2020,983.072,297446,185515,128489,339,314971
7/1/2004,13830.8,105.7,16.91,1088,6840,120.9,67,139556,59.9,58.5,63.1,34.7,34.97,57.3,96.3852,2002,2112,1006.119,299255,187265,128362,345,318532
8/1/2004,13830.8,98.7,16.76,1175,6700,121.8,70,139573,58.5,57.3,59.8,24.9,15.23,57.7,96.445,2024,2056,1013.724,302863,185326,130654,336,318945
9/1/2004,13830.8,96.7,17.47,1214,6680,124,67,139487,57.4,57.9,63.2,19.6,28.39,54.3,96.5044,1905,2041,1012.29,305675,188107,132937,331,324607
10/1/2004,13950.4,92.9,17.1,1305,6850,125.5,69,139732,56.3,58.8,66.8,26.8,24.57,57.5,97.4167,2072,2097,1015.562,311079,185726,132283,338,326680
11/1/2004,13950.4,92.6,16.96,1179,6960,123.6,70,140231,56.2,58.4,64.2,19.4,15.28,55.1,97.6225,1782,2079,1023.21,314688,192739,133548,330,327837
12/1/2004,13950.4,102.7,17.68,1242,6890,124,71,140125,57.2,59.6,61.7,25.6,21.61,54.5,98.3132,2042,2082,1037.684,316781,192683,137133,316,331877
1/1/2005,14099.1,105.1,16.25,1203,7100,122.1,70,140245,56.8,58,62.7,13.7,15.54,56.2,98.7886,2144,2139,1036.187,320411,193362,136862,369,329728
2/1/2005,14099.1,104.4,16.48,1319,6880,124.2,69,140385,55.5,59.4,65.9,21.3,17.14,54.8,99.4359,2207,2114,1056.492,324667,195032,139099,308,332491
3/1/2005,14099.1,103,16.94,1328,6960,123.7,70,140654,55.2,58,65,15,24.27,53,99.3247,1864,2062,1065.262,325352,187050,137005,324,332263
4/1/2005,14172.7,97.5,17.29,1260,7120,126.9,67,141254,52.2,55.6,65.4,25.2,8.29,47.4,99.4595,2061,2150,1058.365,327287,195011,137015,323,337501
5/1/2005,14172.7,103.1,16.96,1286,7080,125.4,70,141609,50.8,55.3,53.4,9.3,-4.92,47.2,99.6415,2025,2085,1078.586,326221,206306,137333,327,334350
6/1/2005,14172.7,106.2,17.93,1274,7180,125.8,72,141714,52.4,58.1,57,-1.4,7.79,50.5,100.0262,2068,2178,1089.505,331625,209078,140781,333,344212
7/1/2005,14291.8,103.6,20.48,1389,7140,127,70,142026,52.8,59.5,61.2,8,23.79,48.6,99.7447,2054,2203,1109.691,329301,197379,136541,338,347587
8/1/2005,14291.8,105.5,16.91,1255,7230,126.2,67,142434,52.4,61.3,52.3,11,23.72,50.9,99.9372,2095,2219,1119.782,340735,205223,143311,311,342633
9/1/2005,14291.8,87.5,16.51,1244,7250,125.4,65,142401,56.8,55.7,58.3,6.9,16.93,41.2,98.0478,2151,2263,1131.739,344760,204281,144738,422,343367
10/1/2005,14373.4,85.2,14.95,1336,7100,122.9,68,142548,57.2,57.4,61.7,4.8,12.11,42,99.3189,2065,2170,1145.663,343855,209892,145194,383,344652
11/1/2005,14373.4,98.3,16.13,1214,7030,120.5,61,142499,56.7,59.1,62.3,10.7,17.97,48.6,100.2981,2147,2218,1156.977,348113,222367,147487,309,347268
12/1/2005,14373.4,103.8,17.01,1239,6840,118.1,57,142752,55.1,59,60.2,13,22.94,51.1,100.8948,1994,2120,1178.305,349682,219888,148385,327,347072
1/1/2006,14546.1,106.8,17.62,1174,6720,118.2,57,143150,55,56.3,61.1,5.6,17.51,50.5,101.0256,2273,2212,1183.861,356551,207767,150958,326,357816
2/1/2006,14546.1,102.7,16.58,1061,6840,117.4,56,143457,55.8,57.6,59.5,15.3,20.87,50.5,100.9981,2119,2141,1199.767,352060,217518,150559,298,354422
3/1/2006,14546.1,107.5,16.46,1116,6830,115.4,54,143741,54.3,56.9,59.4,14.6,33.16,49.1,101.2658,1969,2118,1213.27,357133,227782,153720,307,356258
4/1/2006,14589.6,109.8,16.62,1123,6700,113.7,51,143761,55.2,58.4,57.6,14.2,18.43,48.6,101.6644,1821,1998,1183.485,354875,214220,151120,299,357631
5/1/2006,14589.6,104.7,16.22,1086,6580,112.5,46,144089,53.7,57,58.8,13.7,18.62,46.1,101.5254,1942,1905,1180.059,361302,215787,153667,347,356160
6/1/2006,14589.6,105.4,16.4,1074,6480,111.1,42,144353,52,55.2,56.5,11.6,26.49,46.2,101.9173,1802,1867,1172.932,361931,221022,154840,298,357524
7/1/2006,14602.6,107,17.16,965,6320,109,39,144202,53,55.6,56.7,4,16.63,47.3,101.8981,1737,1763,1165.093,361271,212237,152704,343,359806
8/1/2006,14602.6,100.2,15.95,1035,6340,108.8,33,144625,53.7,53.9,56.9,12.2,11.63,45.6,102.252,1650,1722,1158.193,360675,210705,150898,310,360280
9/1/2006,14602.6,105.9,16.47,1016,6280,107.6,30,144815,52.2,54.5,58.7,-1,14.97,50.5,102.1093,1720,1655,1151.104,355349,236173,154837,314,358682
10/1/2006,14716.9,105.1,16.38,941,6360,106.7,31,145314,51.4,54.9,53.9,2.4,18.89,52.4,102.0843,1491,1570,1139.292,351310,217027,153776,316,358531
11/1/2006,14716.9,105.3,16.18,1003,6340,109.1,33,145534,50.3,54.5,51.1,5,22.85,55.7,101.9683,1570,1535,1137.488,354550,225701,152959,311,359213
12/1/2006,14716.9,110,16.63,998,6400,112.2,33,145970,51.4,53.7,51.6,-1.7,20.12,53.5,102.9751,1649,1638,1153.491,366772,229241,159078,311,364625
1/1/2007,14726,110.2,16.45,891,5740,107.1,35,146028,49.5,55.6,52.1,7.5,7.31,53.7,102.4954,1409,1626,1149.899,357544,218760,153911,330,363317
2/1/2007,14726,111.2,16.77,828,5790,107.9,39,146057,51.9,54.2,51.2,3.5,24.41,52.7,103.6101,1480,1598,1156.008,364406,221076,155043,338,363946
3/1/2007,14726,108.2,16.07,833,5460,104.6,36,146320,50.7,52,58.6,2.8,13.42,50.8,103.7575,1495,1596,1167.402,368432,228689,155687,308,367433
4/1/2007,14838.7,106.3,16.29,887,5290,100.9,33,145586,52.6,53.3,54.2,2.9,3.8,45.5,104.5126,1490,1470,1159.124,372488,233533,158855,332,365883
5/1/2007,14838.7,108.5,16.36,842,5270,98.8,30,145903,52.5,54.2,60.6,3.8,9.94,48,104.564,1415,1493,1168.195,375418,227310,158026,297,370621
6/1/2007,14838.7,105.3,15.88,793,5120,100.1,28,146063,52.6,55.3,58.3,17.2,24.34,49.1,104.5525,1448,1407,1166.892,373144,229692,154663,313,368206
7/1/2007,14938.5,111.9,15.54,778,5070,92.8,24,145905,52.4,53.6,52.8,6.7,26.32,48.2,104.5442,1354,1361,1154.018,376860,239281,158231,321,369892
8/1/2007,14938.5,105.6,16.11,699,4870,85.1,22,145682,50.9,52.8,52.2,-0.8,22.69,49.5,104.7213,1330,1321,1160.593,376684,233946,158259,316,371013
9/1/2007,14938.5,99.5,16.26,686,4580,86.8,20,146244,51,52.5,52.7,7,14.74,48.2,105.0936,1183,1261,1165.162,378749,225996,157315,321,373858
10/1/2007,14991.8,95.2,16.19,727,4430,88.9,19,145946,51.1,53.5,50.8,8,26.1,47.3,104.537,1264,1192,1152.511,386290,229265,160237,316,374811
11/1/2007,14991.8,87.8,16.09,641,4460,88.2,19,146595,50.5,52.7,53.4,7.4,25.77,43.8,105.1581,1197,1224,1127.558,397661,232492,159951,333,377992
12/1/2007,14991.8,90.6,15.78,619,4410,86.1,18,146273,49,52.5,55.9,-5.5,8.69,44.4,105.1322,1037,1149,1108.958,399686,242568,163309,332,375203
1/1/2008,14889.5,87.3,15.45,627,4170,86.1,19,146378,50.3,45,52.4,-18.4,7.01,43.2,104.8595,1084,1094,1106.498,401838,237095,164201,322,375101
2/1/2008,14889.5,76.4,15.23,593,4120,87.8,20,146156,47.6,49.9,46.7,-20.1,-7.6,44.5,104.5926,1103,1014,1092.911,396548,233566,160561,344,371684
3/1/2008,14889.5,65.9,14.85,535,4160,82.8,20,146086,48.3,49.4,49.9,-15,-14.42,42.5,104.2989,1005,967,1095.194,401194,230485,162202,348,372156
4/1/2008,14963.4,62.8,14.33,536,4110,88.4,20,146132,48.8,51.8,48.4,-21.3,-3.22,39.2,103.53,1013,1008,1092.939,413757,229643,166364,365,373803
5/1/2008,14963.4,58.1,14.41,504,4140,85.1,19,145908,48.8,51.4,49.1,-16,-3.93,40.3,103.0519,973,995,1091.569,415718,230069,164397,366,375484
6/1/2008,14963.4,51,14.12,487,4090,88.6,18,145737,49.8,48.3,48.9,-16.8,-8.03,37.4,102.8476,1046,1180,1075.482,424458,229259,166465,382,376991
7/1/2008,14891.6,51.9,12.76,477,4150,87.4,16,145532,50,50,49.5,-16.1,-5.01,37.4,102.3093,923,921,1067.38,422815,224259,163152,385,375095
8/1/2008,14891.6,58.5,13.86,435,4190,88.7,16,145203,49.2,50.6,55.5,-17.9,-0.98,42.8,100.7832,844,858,1058.675,410792,217064,158139,430,372738
9/1/2008,14891.6,61.4,12.73,433,4270,90.7,17,145076,44.8,49.4,57,1.2,-7.97,45.8,96.4822,820,797,1056.892,388146,211101,152933,441,366147
10/1/2008,14577,38.8,10.71,393,4090,83.8,14,144802,38.9,44.7,37.8,-37.7,-25.6,41.1,97.3647,777,736,1051.176,364848,192047,141003,461,352969
11/1/2008,14577,44.7,10.3,389,3770,80.2,9,144100,36.5,37.6,33.3,-39.9,-22.77,50.8,96.1487,652,626,1031.004,341684,183919,138358,512,340405
12/1/2008,14577,38.6,10.19,377,4010,88.2,9,143369,33.1,40,33.7,-37.7,-25.36,45,93.3954,560,554,994.216,318552,173398,128954,570,332007
1/1/2009,14375,37.4,9.6,336,3820,83.2,8,142152,34.9,43.1,33.5,-31.2,-26.87,45.4,91.2227,490,545,965.27,304650,152945,114270,551,336759
2/1/2009,14375,25.3,9.05,372,3970,82.9,9,141640,35.5,41.5,33.9,-39,-34.82,44.6,90.6371,582,558,962.482,308802,145057,115822,637,335860
3/1/2009,14375,26.9,9.58,339,3860,83.2,9,140707,36,40,33.1,-35.1,-33.16,45.3,89.2352,505,513,956.133,299059,144836,112954,660,330402
4/1/2009,14355.6,40.8,9.22,337,3900,90.5,14,140656,39.5,43.4,38.7,-25.1,-19.41,49.1,88.4857,478,521,931.61,296060,143798,109700,599,331182
5/1/2009,14355.6,54.8,10.01,376,4000,92.6,16,140248,41.7,44.2,36.5,-22.3,-6.1,48.6,87.5811,540,556,914.093,302153,150316,112353,625,334811
6/1/2009,14355.6,49.3,9.99,393,4100,94.4,15,140009,45.8,46.8,40.3,0.4,-9.44,50.8,87.214,585,601,903.987,313310,145398,114745,596,339377
7/1/2009,14402.5,47.4,11.39,411,4370,99.4,17,139901,49.9,47,42.7,-6.4,0.28,46.3,88.1641,594,595,901.735,312982,156288,118014,546,340647
8/1/2009,14402.5,54.5,14.58,418,4450,101.4,18,139492,53.5,49.1,49.3,8.7,12.56,50.3,89.119,586,616,891.278,316808,157920,117463,555,347223
9/1/2009,14402.5,53.4,9.38,386,4620,106,19,138818,54.4,50.5,47.3,13.5,20.93,52.5,89.7943,585,609,881.34,321379,156902,121387,542,338708
10/1/2009,14541.9,48.7,10.41,396,5020,109.7,17,138432,56,50.9,53.9,12.9,33.68,48.7,90.1731,534,583,870.697,325242,162351,122072,511,341460
11/1/2009,14541.9,50.6,10.86,375,5440,95.2,17,138659,54.4,49.3,55.5,16.7,25.3,47.9,90.4311,588,623,852.896,330201,161451,122312,512,344965
12/1/2009,14541.9,53.6,11.12,352,4400,92.3,16,138013,55.3,49.9,56.9,16.4,5.41,46.8,90.7512,581,664,832.484,333577,158417,124158,498,346239
1/1/2010,14604.8,56.5,10.67,345,4190,93.3,15,138438,57.2,49.6,59.6,12.7,14.64,48.8,91.8162,614,636,818.468,336219,181928,125835,469,346762
2/1/2010,14604.8,46.4,10.14,336,4270,97.5,17,138581,55.8,50.8,58.3,14.1,21.04,46.8,92.0991,604,650,798.063,340099,175894,127438,466,347120
3/1/2010,14604.8,52.3,11.57,381,4490,100.8,15,138751,58.8,53.2,58.7,13.5,20.09,45.4,92.7191,636,687,807.437,351572,179486,133928,472,354704
4/1/2010,14745.9,57.7,11.26,422,4820,112.1,19,139297,58.1,55.6,60.6,16.2,27.14,48.4,93.0609,687,637,825.626,350437,187167,133043,479,356822
5/1/2010,14745.9,62.7,11.85,280,4880,78.1,22,139241,58.3,55.5,61.4,22.4,18.12,48.7,94.4844,583,575,817.745,349736,186163,135573,451,354657
6/1/2010,14745.9,54.3,11.42,305,4450,76.4,16,139141,56.4,54.6,61.3,15.4,20.13,46.2,94.6828,536,587,817.869,349971,185861,135770,467,354267
7/1/2010,14845.5,51,11.74,283,3450,80.6,14,139179,56.4,54.8,62.8,8.1,5.86,44.7,95.1542,546,579,790.519,349258,189993,134649,439,354761
8/1/2010,14845.5,53.2,11.83,282,3680,81.2,13,139438,58,52.7,60.2,3.8,9.66,43.6,95.4866,599,580,793.09,353940,192128,137548,483,356952
9/1/2010,14845.5,48.6,11.74,317,3840,81.3,13,139396,56.3,53.6,62.6,2.4,9.59,45.3,95.715,594,563,800.329,357383,199805,138938,444,359819
10/1/2010,14939,49.9,12.24,291,3830,85.7,15,139119,57.7,55.3,62,0.7,16.1,46.4,95.4803,543,558,802.013,355355,194468,133928,459,364465
11/1/2010,14939,57.8,12.12,287,4020,88.3,16,139044,57.6,56.7,62.1,20.6,-7.8,46.7,95.518,545,560,799.636,369975,196289,142777,434,367024
12/1/2010,14939,63.4,12.45,326,4270,88.8,16,139301,57.5,57,65.8,15.6,12.38,45.8,96.3941,539,632,779.919,377303,193718,144317,425,369560
1/1/2011,14881.3,64.8,12.57,307,4420,89,16,139267,59.1,57.2,66.2,15.8,8.81,51.9,96.3665,630,576,757.9,380639,204156,141626,434,372403
2/1/2011,14881.3,72,12.89,270,4160,87.7,16,139400,59.6,57.2,65.4,28.7,11.26,50.9,95.8776,517,542,754.97,378952,193472,139175,426,375095
3/1/2011,14881.3,63.8,12.93,300,4260,87.8,17,139649,59.2,55.8,67.7,35.4,12.87,43,96.6955,600,583,763.454,392746,210603,145096,405,378891
4/1/2011,14989.6,66,13.11,310,4170,84.9,16,139610,59.3,55.4,64.9,13.2,18.96,40.8,96.2901,554,581,772.469,393307,200245,141808,418,380605
5/1/2011,14989.6,61.7,12.04,305,4140,87.7,16,139639,53.9,55,56.6,6.4,10.21,42.8,96.5438,561,618,774.148,395942,205798,145905,431,380745
6/1/2011,14989.6,57.6,11.69,301,4230,89.8,13,139392,56.9,54.4,63.3,0.4,-4.74,44.6,96.7612,608,636,797.272,395833,198954,144091,412,383474
7/1/2011,15021.1,59.2,12.39,296,4150,90.1,15,139520,52.7,53.7,61.2,7.7,-5.18,41.4,97.1711,623,621,789.632,399218,208723,147519,410,384061
8/1/2011,15021.1,45.2,12.34,299,4380,90.1,15,139940,52.8,53.7,60.1,-18.9,-4.71,35.8,97.7699,585,647,801.183,398472,215179,147646,405,383845
9/1/2011,15021.1,46.4,13.09,304,4330,88.6,14,140156,52.7,52.5,63.3,-13.4,-4.87,39.9,97.7762,650,610,805.565,400104,207654,149175,428,387424
10/1/2011,15190.3,40.9,13.42,316,4340,91.5,17,140336,51.4,52.8,60.3,7,-4.97,40.3,98.4296,610,671,806.849,400271,208098,150105,408,390837
11/1/2011,15190.3,55.2,13.3,328,4390,94.1,19,140780,51.7,53,62.4,6,4.11,40.6,98.2829,711,706,809.833,404800,216765,151276,383,391922
12/1/2011,15190.3,64.8,13.56,341,4350,95.5,21,140890,52.8,52.6,61.8,3.3,12.74,42.8,98.7841,694,697,817.198,409256,226170,156030,367,391719
1/1/2012,15291,61.5,14.05,335,4480,97,25,141633,52.9,55.8,58.3,5.6,10.2,47.5,99.5096,723,715,823.583,405493,226235,151686,391,395431
2/1/2012,15291,71.6,14.65,366,4580,97.4,28,141911,53.1,55.5,59.9,9.1,16.5,49.4,99.7389,704,733,825.774,410065,225020,153722,360,400305
3/1/2012,15291,69.5,14.26,354,4520,98.6,28,142069,53.3,55.5,59.9,7.3,16.35,47.5,99.0887,695,797,834.81,414061,222518,155436,370,402206
4/1/2012,15362.4,68.7,14.51,354,4590,98.3,24,141953,54.2,54.6,56.5,5.8,7.43,49.3,99.928,753,747,842.898,409656,221305,153546,389,400070
5/1/2012,15362.4,64.4,14.1,370,4600,97.8,28,142231,53.4,54.3,51.1,-0.6,14.05,48.5,100.0508,708,807,861.913,405898,218602,151234,366,399694
6/1/2012,15362.4,62.7,14.17,360,4470,98.2,29,142400,51.3,53.5,54.9,-10.9,2.82,46.7,99.9691,757,790,873.069,395138,221630,148498,383,395977
7/1/2012,15380.8,65.4,14.16,369,4530,100.3,35,142270,50.1,52.5,55.8,-11.7,4.48,47,100.2736,740,840,864.687,398999,227816,147530,361,398079
8/1/2012,15380.8,61.3,14.21,375,4760,100.2,37,142277,50.7,53.2,55.3,-1.1,-3.84,45.6,99.833,754,832,868.246,400347,203687,143915,369,402296
9/1/2012,15380.8,68.4,14.87,385,4710,102,40,142953,51.9,54.9,52,-3.1,-7.69,51.8,99.9189,847,921,876.091,404960,216361,145078,392,406937
10/1/2012,15384.3,73.1,14.54,358,4790,103.2,41,143350,50.7,54.4,50.7,0,-3.31,54,100.1878,915,895,883.853,409159,220866,148313,346,405808
11/1/2012,15384.3,71.5,15.13,392,4960,102.9,45,143279,48.9,54.9,50,-7.9,-1.65,48.6,100.6435,833,930,879.539,409674,219347,148951,443,407798
12/1/2012,15384.3,66.7,15.27,399,4890,103.5,47,143280,50,55.8,51.1,4,-4.71,45.1,100.858,976,938,882.637,405504,229722,146286,340,410441
1/1/2013,15457.2,58.4,15.42,442,4920,104.9,47,143328,52.6,55.1,54.4,-4.9,-9.56,46.5,100.933,888,928,872.531,415274,219312,152085,341,412657
2/1/2013,15457.2,68,15.57,439,5020,105.6,46,143429,54.1,55.7,54.9,-7.9,7.47,47.3,101.3425,970,971,888.043,419110,230445,151061,346,417357
3/1/2013,15457.2,61.9,15.39,449,5050,106.1,44,143374,52,55,52.6,0.3,6.94,42.2,101.561,999,932,881.524,404737,212088,145911,342,414578
4/1/2013,15500.2,69,15.43,451,5060,107.9,41,143665,50.3,53.9,49.5,0.4,4.1,46.2,101.5385,826,1015,893.137,406645,221262,149379,358,413359
5/1/2013,15500.2,74.3,15.44,430,5150,108,44,143890,50.1,53.9,54.7,0.2,-1.72,45.1,101.4689,920,1016,896.992,410775,230339,150700,353,415500
6/1/2013,15500.2,82.1,15.72,463,5140,109.4,51,144025,52.8,53.7,52.7,15.9,6.25,49,101.6621,852,951,907.334,406662,239960,149021,337,417471
7/1/2013,15614.4,81,15.77,376,5310,106,56,144275,54.4,55.3,53.8,16.9,6.63,47.1,101.2685,891,986,925.11,412354,218282,149091,356,419158
8/1/2013,15614.4,81.8,15.75,380,5270,105.2,58,144288,55.6,57.1,54.4,10.5,8.58,45.1,102.0442,898,947,930.029,410245,219764,148040,325,417795
9/1/2013,15614.4,80.2,15.47,399,5190,102.8,57,144297,55.6,54,57.2,16.8,6.47,46,102.6361,860,1015,937.66,409082,228991,148495,303,418877
10/1/2013,15761.5,72.4,15.47,444,5060,101.1,54,143453,55.8,55,65.1,14.7,5.36,38.4,102.6534,921,1031,945.076,410346,224735,148910,363,420065
11/1/2013,15761.5,72,16.21,446,4860,100.1,54,144490,56,53.8,62.5,8.1,1.08,41.4,102.9163,1104,1042,951.836,416334,237387,153053,338,421473
12/1/2013,15761.5,77.5,15.5,441,4860,96.4,57,144671,56.1,53.1,60.9,6.2,4.79,43.1,103.1889,1010,1013,959.909,416835,228487,150663,353,423643
1/1/2014,15724.9,79.4,15.39,446,4670,96.1,56,145206,51.8,54.3,60.1,10,10.35,45.2,103.0047,888,1002,961.002,420840,226163,155789,316,418777
2/1/2014,15724.9,78.3,15.59,417,4660,95.4,46,145301,54.3,52.5,59.5,-2,4.34,44.9,103.8079,951,1030,968.303,424513,232804,156644,338,424017
3/1/2014,15724.9,83.9,16.52,410,4700,97.7,46,145796,54.4,53.7,57.4,10.7,5.92,45.1,104.6615,963,1061,964.995,426188,238347,160025,323,429358
4/1/2014,15901.5,81.7,16.3,410,4750,98.6,46,145724,55.3,55.3,62.5,16,3.49,48,104.8595,1039,1074,964.738,427131,241137,159102,309,433049
5/1/2014,15901.5,82.2,16.7,457,4900,101.9,45,145868,55.6,56.1,61.9,18.3,16.95,45.8,105.2461,986,1017,957.641,426901,234842,159789,296,433081
6/1/2014,15901.5,86.4,16.78,408,5010,101.9,49,146247,55.7,56.3,63.5,19.6,18.16,47.7,105.716,927,1033,950.282,432370,242127,164445,317,435946
7/1/2014,16068.8,90.3,16.53,403,5070,103.3,53,146401,56.4,57.9,53.6,22.8,22.6,45.6,106.0803,1095,1041,952.468,427295,299868,161931,303,435576
8/1/2014,16068.8,93.4,17.32,454,5000,103.1,55,146451,58.1,58.6,64.3,25.5,15.1,44.5,106.1138,966,1040,955.017,427891,241789,164038,308,438281
9/1/2014,16068.8,89,16.52,459,5100,103.7,59,146607,56.1,58.1,61.9,18.6,27.41,45.2,106.6776,1026,1053,959.182,426879,238191,164258,309,437428
10/1/2014,16151.4,94.1,16.58,472,5160,103.7,54,147260,57.9,56.9,64.5,19,8.55,45.2,106.8463,1079,1120,979.573,419261,237754,160707,274,439749
11/1/2014,16151.4,91,17.13,449,4950,104.1,58,147331,57.6,58.8,60.7,40.2,10.33,46.4,107.7996,1007,1079,976.888,416759,235940,159682,289,442129
12/1/2014,16151.4,93.1,16.92,495,5070,102.5,58,147442,55.1,56.5,58.8,24.3,-1.23,48.4,107.9108,1080,1077,989.118,407306,226739,159151,289,437590
1/1/2015,16177.3,103.8,16.72,521,4820,103.7,57,148201,53.5,56.7,59.4,6.3,9.95,51.5,107.6003,1080,1059,990.051,398219,233371,158621,304,434225
2/1/2015,16177.3,98.8,16.4,545,4890,107.4,55,148297,52.9,56.9,45.8,5.2,7.78,47.5,107.4368,900,1098,993.465,398724,225263,155961,302,431921
3/1/2015,16177.3,101.4,17.14,485,5210,108.7,52,148331,51.5,56.5,46.3,5,6.9,49.1,107.2374,954,1038,1006.351,398712,236671,156879,293,438572
4/1/2015,16333.6,94.3,16.75,508,5090,111.6,56,148523,51.5,57.8,52.3,7.5,-1.19,51.3,107.0599,1190,1140,1044.641,398403,232569,155946,295,438717
5/1/2015,16333.6,94.6,17.7,513,5320,112.3,54,148795,52.8,55.7,46.2,6.7,3.09,49.7,106.6799,1072,1250,1068.424,398026,227279,155472,264,443913
6/1/2015,16333.6,99.8,17,469,5480,110.4,60,148739,53.5,56,49.4,15.2,-1.98,48.1,106.6801,1211,1337,1074.314,400478,236611,157026,279,443734
7/1/2015,16417.8,91,17.55,500,5580,110.9,60,148840,52.7,60.3,54.7,5.7,3.86,48.1,107.5108,1152,1130,1080.358,397742,241044,157580,281,447097
8/1/2015,16417.8,101.3,17.81,513,5300,109.3,61,149036,51.1,59,54.4,8.3,-14.92,46.9,107.607,1116,1161,1089.801,393320,233960,156239,273,447133
9/1/2015,16417.8,102.6,18.17,447,5550,107.5,61,148800,50.2,56.9,48.7,-6,-14.67,42,107.3774,1191,1105,1096.637,391083,232015,156034,264,446855
10/1/2015,NA,99.1,18.24,495,5360,107.7,65,149120,50.1,59.1,56.2,-4.5,-11.36,47.3,107.2123,1060,1161,1107.381,391854,238779,156760,256,447125
11/1/2015,NA,90.4,18.19,NA,NA,NA,62,149364,48.6,55.9,48.7,1.9,-10.74,45.5,NA,NA,NA,NA,NA,NA,NA,276,448117
12/1/2015,NA,NA,NA,NA,NA,NA,NA,NA,NA,NA,NA,NA,NA,47.2,NA,NA,NA,NA,NA,NA,NA,282,NA
1/1/2016,NA,NA,NA,NA,NA,NA,NA,NA,NA,NA,NA,NA,NA,NA,NA,NA,NA,NA,NA,NA,NA,NA,NA
2/1/2016,NA,NA,NA,NA,NA,NA,NA,NA,NA,NA,NA,NA,NA,NA,NA,NA,NA,NA,NA,NA,NA,NA,NA
3/1/2016,NA,NA,NA,NA,NA,NA,NA,NA,NA,NA,NA,NA,NA,NA,NA,NA,NA,NA,NA,NA,NA,NA,NA
4/1/2016,NA,NA,NA,NA,NA,NA,NA,NA,NA,NA,NA,NA,NA,NA,NA,NA,NA,NA,NA,NA,NA,NA,NA
5/1/2016,NA,NA,NA,NA,NA,NA,NA,NA,NA,NA,NA,NA,NA,NA,NA,NA,NA,NA,NA,NA,NA,NA,NA
6/1/2016,NA,NA,NA,NA,NA,NA,NA,NA,NA,NA,NA,NA,NA,NA,NA,NA,NA,NA,NA,NA,NA,NA,NA
7/1/2016,NA,NA,NA,NA,NA,NA,NA,NA,NA,NA,NA,NA,NA,NA,NA,NA,NA,NA,NA,NA,NA,NA,NA
8/1/2016,NA,NA,NA,NA,NA,NA,NA,NA,NA,NA,NA,NA,NA,NA,NA,NA,NA,NA,NA,NA,NA,NA,NA
9/1/2016,NA,NA,NA,NA,NA,NA,NA,NA,NA,NA,NA,NA,NA,NA,NA,NA,NA,NA,NA,NA,NA,NA,NA
10/1/2016,NA,NA,NA,NA,NA,NA,NA,NA,NA,NA,NA,NA,NA,NA,NA,NA,NA,NA,NA,NA,NA,NA,NA
11/1/2016,NA,NA,NA,NA,NA,NA,NA,NA,NA,NA,NA,NA,NA,NA,NA,NA,NA,NA,NA,NA,NA,NA,NA
12/1/2016,NA,NA,NA,NA,NA,NA,NA,NA,NA,NA,NA,NA,NA,NA,NA,NA,NA,NA,NA,NA,NA,NA,NA
1/1/2017,NA,NA,NA,NA,NA,NA,NA,NA,NA,NA,NA,NA,NA,NA,NA,NA,NA,NA,NA,NA,NA,NA,NA
2/1/2017,NA,NA,NA,NA,NA,NA,NA,NA,NA,NA,NA,NA,NA,NA,NA,NA,NA,NA,NA,NA,NA,NA,NA
3/1/2017,NA,NA,NA,NA,NA,NA,NA,NA,NA,NA,NA,NA,NA,NA,NA,NA,NA,NA,NA,NA,NA,NA,NA
4/1/2017,NA,NA,NA,NA,NA,NA,NA,NA,NA,NA,NA,NA,NA,NA,NA,NA,NA,NA,NA,NA,NA,NA,NA
5/1/2017,NA,NA,NA,NA,NA,NA,NA,NA,NA,NA,NA,NA,NA,NA,NA,NA,NA,NA,NA,NA,NA,NA,NA
6/1/2017,NA,NA,NA,NA,NA,NA,NA,NA,NA,NA,NA,NA,NA,NA,NA,NA,NA,NA,NA,NA,NA,NA,NA
7/1/2017,NA,NA,NA,NA,NA,NA,NA,NA,NA,NA,NA,NA,NA,NA,NA,NA,NA,NA,NA,NA,NA,NA,NA
8/1/2017,NA,NA,NA,NA,NA,NA,NA,NA,NA,NA,NA,NA,NA,NA,NA,NA,NA,NA,NA,NA,NA,NA,NA
9/1/2017,NA,NA,NA,NA,NA,NA,NA,NA,NA,NA,NA,NA,NA,NA,NA,NA,NA,NA,NA,NA,NA,NA,NA
10/1/2017,NA,NA,NA,NA,NA,NA,NA,NA,NA,NA,NA,NA,NA,NA,NA,NA,NA,NA,NA,NA,NA,NA,NA
11/1/2017,NA,NA,NA,NA,NA,NA,NA,NA,NA,NA,NA,NA,NA,NA,NA,NA,NA,NA,NA,NA,NA,NA,NA
12/1/2017,NA,NA,NA,NA,NA,NA,NA,NA,NA,NA,NA,NA,NA,NA,NA,NA,NA,NA,NA,NA,NA,NA,NA
1/1/2018,NA,NA,NA,NA,NA,NA,NA,NA,NA,NA,NA,NA,NA,NA,NA,NA,NA,NA,NA,NA,NA,NA,NA
2/1/2018,NA,NA,NA,NA,NA,NA,NA,NA,NA,NA,NA,NA,NA,NA,NA,NA,NA,NA,NA,NA,NA,NA,NA
3/1/2018,NA,NA,NA,NA,NA,NA,NA,NA,NA,NA,NA,NA,NA,NA,NA,NA,NA,NA,NA,NA,NA,NA,NA
4/1/2018,NA,NA,NA,NA,NA,NA,NA,NA,NA,NA,NA,NA,NA,NA,NA,NA,NA,NA,NA,NA,NA,NA,NA
5/1/2018,NA,NA,NA,NA,NA,NA,NA,NA,NA,NA,NA,NA,NA,NA,NA,NA,NA,NA,NA,NA,NA,NA,NA
6/1/2018,NA,NA,NA,NA,NA,NA,NA,NA,NA,NA,NA,NA,NA,NA,NA,NA,NA,NA,NA,NA,NA,NA,NA
7/1/2018,NA,NA,NA,NA,NA,NA,NA,NA,NA,NA,NA,NA,NA,NA,NA,NA,NA,NA,NA,NA,NA,NA,NA
8/1/2018,NA,NA,NA,NA,NA,NA,NA,NA,NA,NA,NA,NA,NA,NA,NA,NA,NA,NA,NA,NA,NA,NA,NA
9/1/2018,NA,NA,NA,NA,NA,NA,NA,NA,NA,NA,NA,NA,NA,NA,NA,NA,NA,NA,NA,NA,NA,NA,NA
10/1/2018,NA,NA,NA,NA,NA,NA,NA,NA,NA,NA,NA,NA,NA,NA,NA,NA,NA,NA,NA,NA,NA,NA,NA
11/1/2018,NA,NA,NA,NA,NA,NA,NA,NA,NA,NA,NA,NA,NA,NA,NA,NA,NA,NA,NA,NA,NA,NA,NA
12/1/2018,NA,NA,NA,NA,NA,NA,NA,NA,NA,NA,NA,NA,NA,NA,NA,NA,NA,NA,NA,NA,NA,NA,NA
1/1/2019,NA,NA,NA,NA,NA,NA,NA,NA,NA,NA,NA,NA,NA,NA,NA,NA,NA,NA,NA,NA,NA,NA,NA
2/1/2019,NA,NA,NA,NA,NA,NA,NA,NA,NA,NA,NA,NA,NA,NA,NA,NA,NA,NA,NA,NA,NA,NA,NA
3/1/2019,NA,NA,NA,NA,NA,NA,NA,NA,NA,NA,NA,NA,NA,NA,NA,NA,NA,NA,NA,NA,NA,NA,NA
4/1/2019,NA,NA,NA,NA,NA,NA,NA,NA,NA,NA,NA,NA,NA,NA,NA,NA,NA,NA,NA,NA,NA,NA,NA
5/1/2019,NA,NA,NA,NA,NA,NA,NA,NA,NA,NA,NA,NA,NA,NA,NA,NA,NA,NA,NA,NA,NA,NA,NA
6/1/2019,NA,NA,NA,NA,NA,NA,NA,NA,NA,NA,NA,NA,NA,NA,NA,NA,NA,NA,NA,NA,NA,NA,NA
7/1/2019,NA,NA,NA,NA,NA,NA,NA,NA,NA,NA,NA,NA,NA,NA,NA,NA,NA,NA,NA,NA,NA,NA,NA
8/1/2019,NA,NA,NA,NA,NA,NA,NA,NA,NA,NA,NA,NA,NA,NA,NA,NA,NA,NA,NA,NA,NA,NA,NA
9/1/2019,NA,NA,NA,NA,NA,NA,NA,NA,NA,NA,NA,NA,NA,NA,NA,NA,NA,NA,NA,NA,NA,NA,NA
10/1/2019,NA,NA,NA,NA,NA,NA,NA,NA,NA,NA,NA,NA,NA,NA,NA,NA,NA,NA,NA,NA,NA,NA,NA
11/1/2019,NA,NA,NA,NA,NA,NA,NA,NA,NA,NA,NA,NA,NA,NA,NA,NA,NA,NA,NA,NA,NA,NA,NA
12/1/2019,NA,NA,NA,NA,NA,NA,NA,NA,NA,NA,NA,NA,NA,NA,NA,NA,NA,NA,NA,NA,NA,NA,NA
1/1/2020,NA,NA,NA,NA,NA,NA,NA,NA,NA,NA,NA,NA,NA,NA,NA,NA,NA,NA,NA,NA,NA,NA,NA
2/1/2020,NA,NA,NA,NA,NA,NA,NA,NA,NA,NA,NA,NA,NA,NA,NA,NA,NA,NA,NA,NA,NA,NA,NA
3/1/2020,NA,NA,NA,NA,NA,NA,NA,NA,NA,NA,NA,NA,NA,NA,NA,NA,NA,NA,NA,NA,NA,NA,NA
4/1/2020,NA,NA,NA,NA,NA,NA,NA,NA,NA,NA,NA,NA,NA,NA,NA,NA,NA,NA,NA,NA,NA,NA,NA
5/1/2020,NA,NA,NA,NA,NA,NA,NA,NA,NA,NA,NA,NA,NA,NA,NA,NA,NA,NA,NA,NA,NA,NA,NA
6/1/2020,NA,NA,NA,NA,NA,NA,NA,NA,NA,NA,NA,NA,NA,NA,NA,NA,NA,NA,NA,NA,NA,NA,NA
7/1/2020,NA,NA,NA,NA,NA,NA,NA,NA,NA,NA,NA,NA,NA,NA,NA,NA,NA,NA,NA,NA,NA,NA,NA
8/1/2020,NA,NA,NA,NA,NA,NA,NA,NA,NA,NA,NA,NA,NA,NA,NA,NA,NA,NA,NA,NA,NA,NA,NA
9/1/2020,NA,NA,NA,NA,NA,NA,NA,NA,NA,NA,NA,NA,NA,NA,NA,NA,NA,NA,NA,NA,NA,NA,NA
10/1/2020,NA,NA,NA,NA,NA,NA,NA,NA,NA,NA,NA,NA,NA,NA,NA,NA,NA,NA,NA,NA,NA,NA,NA
11/1/2020,NA,NA,NA,NA,NA,NA,NA,NA,NA,NA,NA,NA,NA,NA,NA,NA,NA,NA,NA,NA,NA,NA,NA
12/1/2020,NA,NA,NA,NA,NA,NA,NA,NA,NA,NA,NA,NA,NA,NA,NA,NA,NA,NA,NA,NA,NA,NA,NA
1/1/2021,NA,NA,NA,NA,NA,NA,NA,NA,NA,NA,NA,NA,NA,NA,NA,NA,NA,NA,NA,NA,NA,NA,NA
2/1/2021,NA,NA,NA,NA,NA,NA,NA,NA,NA,NA,NA,NA,NA,NA,NA,NA,NA,NA,NA,NA,NA,NA,NA
3/1/2021,NA,NA,NA,NA,NA,NA,NA,NA,NA,NA,NA,NA,NA,NA,NA,NA,NA,NA,NA,NA,NA,NA,NA
4/1/2021,NA,NA,NA,NA,NA,NA,NA,NA,NA,NA,NA,NA,NA,NA,NA,NA,NA,NA,NA,NA,NA,NA,NA
5/1/2021,NA,NA,NA,NA,NA,NA,NA,NA,NA,NA,NA,NA,NA,NA,NA,NA,NA,NA,NA,NA,NA,NA,NA
6/1/2021,NA,NA,NA,NA,NA,NA,NA,NA,NA,NA,NA,NA,NA,NA,NA,NA,NA,NA,NA,NA,NA,NA,NA
7/1/2021,NA,NA,NA,NA,NA,NA,NA,NA,NA,NA,NA,NA,NA,NA,NA,NA,NA,NA,NA,NA,NA,NA,NA
8/1/2021,NA,NA,NA,NA,NA,NA,NA,NA,NA,NA,NA,NA,NA,NA,NA,NA,NA,NA,NA,NA,NA,NA,NA
9/1/2021,NA,NA,NA,NA,NA,NA,NA,NA,NA,NA,NA,NA,NA,NA,NA,NA,NA,NA,NA,NA,NA,NA,NA
10/1/2021,NA,NA,NA,NA,NA,NA,NA,NA,NA,NA,NA,NA,NA,NA,NA,NA,NA,NA,NA,NA,NA,NA,NA
11/1/2021,NA,NA,NA,NA,NA,NA,NA,NA,NA,NA,NA,NA,NA,NA,NA,NA,NA,NA,NA,NA,NA,NA,NA
12/1/2021,NA,NA,NA,NA,NA,NA,NA,NA,NA,NA,NA,NA,NA,NA,NA,NA,NA,NA,NA,NA,NA,NA,NA
1/1/2022,NA,NA,NA,NA,NA,NA,NA,NA,NA,NA,NA,NA,NA,NA,NA,NA,NA,NA,NA,NA,NA,NA,NA
2/1/2022,NA,NA,NA,NA,NA,NA,NA,NA,NA,NA,NA,NA,NA,NA,NA,NA,NA,NA,NA,NA,NA,NA,NA
3/1/2022,NA,NA,NA,NA,NA,NA,NA,NA,NA,NA,NA,NA,NA,NA,NA,NA,NA,NA,NA,NA,NA,NA,NA
4/1/2022,NA,NA,NA,NA,NA,NA,NA,NA,NA,NA,NA,NA,NA,NA,NA,NA,NA,NA,NA,NA,NA,NA,NA
5/1/2022,NA,NA,NA,NA,NA,NA,NA,NA,NA,NA,NA,NA,NA,NA,NA,NA,NA,NA,NA,NA,NA,NA,NA
6/1/2022,NA,NA,NA,NA,NA,NA,NA,NA,NA,NA,NA,NA,NA,NA,NA,NA,NA,NA,NA,NA,NA,NA,NA
7/1/2022,NA,NA,NA,NA,NA,NA,NA,NA,NA,NA,NA,NA,NA,NA,NA,NA,NA,NA,NA,NA,NA,NA,NA
8/1/2022,NA,NA,NA,NA,NA,NA,NA,NA,NA,NA,NA,NA,NA,NA,NA,NA,NA,NA,NA,NA,NA,NA,NA
9/1/2022,NA,NA,NA,NA,NA,NA,NA,NA,NA,NA,NA,NA,NA,NA,NA,NA,NA,NA,NA,NA,NA,NA,NA
10/1/2022,NA,NA,NA,NA,NA,NA,NA,NA,NA,NA,NA,NA,NA,NA,NA,NA,NA,NA,NA,NA,NA,NA,NA
11/1/2022,NA,NA,NA,NA,NA,NA,NA,NA,NA,NA,NA,NA,NA,NA,NA,NA,NA,NA,NA,NA,NA,NA,NA
12/1/2022,NA,NA,NA,NA,NA,NA,NA,NA,NA,NA,NA,NA,NA,NA,NA,NA,NA,NA,NA,NA,NA,NA,NA
1/1/2023,NA,NA,NA,NA,NA,NA,NA,NA,NA,NA,NA,NA,NA,NA,NA,NA,NA,NA,NA,NA,NA,NA,NA
2/1/2023,NA,NA,NA,NA,NA,NA,NA,NA,NA,NA,NA,NA,NA,NA,NA,NA,NA,NA,NA,NA,NA,NA,NA
3/1/2023,NA,NA,NA,NA,NA,NA,NA,NA,NA,NA,NA,NA,NA,NA,NA,NA,NA,NA,NA,NA,NA,NA,NA
4/1/2023,NA,NA,NA,NA,NA,NA,NA,NA,NA,NA,NA,NA,NA,NA,NA,NA,NA,NA,NA,NA,NA,NA,NA
5/1/2023,NA,NA,NA,NA,NA,NA,NA,NA,NA,NA,NA,NA,NA,NA,NA,NA,NA,NA,NA,NA,NA,NA,NA
6/1/2023,NA,NA,NA,NA,NA,NA,NA,NA,NA,NA,NA,NA,NA,NA,NA,NA,NA,NA,NA,NA,NA,NA,NA
7/1/2023,NA,NA,NA,NA,NA,NA,NA,NA,NA,NA,NA,NA,NA,NA,NA,NA,NA,NA,NA,NA,NA,NA,NA
8/1/2023,NA,NA,NA,NA,NA,NA,NA,NA,NA,NA,NA,NA,NA,NA,NA,NA,NA,NA,NA,NA,NA,NA,NA
9/1/2023,NA,NA,NA,NA,NA,NA,NA,NA,NA,NA,NA,NA,NA,NA,NA,NA,NA,NA,NA,NA,NA,NA,NA
10/1/2023,NA,NA,NA,NA,NA,NA,NA,NA,NA,NA,NA,NA,NA,NA,NA,NA,NA,NA,NA,NA,NA,NA,NA
11/1/2023,NA,NA,NA,NA,NA,NA,NA,NA,NA,NA,NA,NA,NA,NA,NA,NA,NA,NA,NA,NA,NA,NA,NA
12/1/2023,NA,NA,NA,NA,NA,NA,NA,NA,NA,NA,NA,NA,NA,NA,NA,NA,NA,NA,NA,NA,NA,NA,NA
1/1/2024,NA,NA,NA,NA,NA,NA,NA,NA,NA,NA,NA,NA,NA,NA,NA,NA,NA,NA,NA,NA,NA,NA,NA
2/1/2024,NA,NA,NA,NA,NA,NA,NA,NA,NA,NA,NA,NA,NA,NA,NA,NA,NA,NA,NA,NA,NA,NA,NA
3/1/2024,NA,NA,NA,NA,NA,NA,NA,NA,NA,NA,NA,NA,NA,NA,NA,NA,NA,NA,NA,NA,NA,NA,NA
4/1/2024,NA,NA,NA,NA,NA,NA,NA,NA,NA,NA,NA,NA,NA,NA,NA,NA,NA,NA,NA,NA,NA,NA,NA
5/1/2024,NA,NA,NA,NA,NA,NA,NA,NA,NA,NA,NA,NA,NA,NA,NA,NA,NA,NA,NA,NA,NA,NA,NA
6/1/2024,NA,NA,NA,NA,NA,NA,NA,NA,NA,NA,NA,NA,NA,NA,NA,NA,NA,NA,NA,NA,NA,NA,NA
7/1/2024,NA,NA,NA,NA,NA,NA,NA,NA,NA,NA,NA,NA,NA,NA,NA,NA,NA,NA,NA,NA,NA,NA,NA
8/1/2024,NA,NA,NA,NA,NA,NA,NA,NA,NA,NA,NA,NA,NA,NA,NA,NA,NA,NA,NA,NA,NA,NA,NA
9/1/2024,NA,NA,NA,NA,NA,NA,NA,NA,NA,NA,NA,NA,NA,NA,NA,NA,NA,NA,NA,NA,NA,NA,NA
10/1/2024,NA,NA,NA,NA,NA,NA,NA,NA,NA,NA,NA,NA,NA,NA,NA,NA,NA,NA,NA,NA,NA,NA,NA
11/1/2024,NA,NA,NA,NA,NA,NA,NA,NA,NA,NA,NA,NA,NA,NA,NA,NA,NA,NA,NA,NA,NA,NA,NA
12/1/2024,NA,NA,NA,NA,NA,NA,NA,NA,NA,NA,NA,NA,NA,NA,NA,NA,NA,NA,NA,NA,NA,NA,NA
1/1/2025,NA,NA,NA,NA,NA,NA,NA,NA,NA,NA,NA,NA,NA,NA,NA,NA,NA,NA,NA,NA,NA,NA,NA
2/1/2025,NA,NA,NA,NA,NA,NA,NA,NA,NA,NA,NA,NA,NA,NA,NA,NA,NA,NA,NA,NA,NA,NA,NA
3/1/2025,NA,NA,NA,NA,NA,NA,NA,NA,NA,NA,NA,NA,NA,NA,NA,NA,NA,NA,NA,NA,NA,NA,NA
4/1/2025,NA,NA,NA,NA,NA,NA,NA,NA,NA,NA,NA,NA,NA,NA,NA,NA,NA,NA,NA,NA,NA,NA,NA
5/1/2025,NA,NA,NA,NA,NA,NA,NA,NA,NA,NA,NA,NA,NA,NA,NA,NA,NA,NA,NA,NA,NA,NA,NA
6/1/2025,NA,NA,NA,NA,NA,NA,NA,NA,NA,NA,NA,NA,NA,NA,NA,NA,NA,NA,NA,NA,NA,NA,NA
7/1/2025,NA,NA,NA,NA,NA,NA,NA,NA,NA,NA,NA,NA,NA,NA,NA,NA,NA,NA,NA,NA,NA,NA,NA
8/1/2025,NA,NA,NA,NA,NA,NA,NA,NA,NA,NA,NA,NA,NA,NA,NA,NA,NA,NA,NA,NA,NA,NA,NA
9/1/2025,NA,NA,NA,NA,NA,NA,NA,NA,NA,NA,NA,NA,NA,NA,NA,NA,NA,NA,NA,NA,NA,NA,NA
10/1/2025,NA,NA,NA,NA,NA,NA,NA,NA,NA,NA,NA,NA,NA,NA,NA,NA,NA,NA,NA,NA,NA,NA,NA
11/1/2025,NA,NA,NA,NA,NA,NA,NA,NA,NA,NA,NA,NA,NA,NA,NA,NA,NA,NA,NA,NA,NA,NA,NA
12/1/2025,NA,NA,NA,NA,NA,NA,NA,NA,NA,NA,NA,NA,NA,NA,NA,NA,NA,NA,NA,NA,NA,NA,NA
1/1/2026,NA,NA,NA,NA,NA,NA,NA,NA,NA,NA,NA,NA,NA,NA,NA,NA,NA,NA,NA,NA,NA,NA,NA
2/1/2026,NA,NA,NA,NA,NA,NA,NA,NA,NA,NA,NA,NA,NA,NA,NA,NA,NA,NA,NA,NA,NA,NA,NA
3/1/2026,NA,NA,NA,NA,NA,NA,NA,NA,NA,NA,NA,NA,NA,NA,NA,NA,NA,NA,NA,NA,NA,NA,NA
4/1/2026,NA,NA,NA,NA,NA,NA,NA,NA,NA,NA,NA,NA,NA,NA,NA,NA,NA,NA,NA,NA,NA,NA,NA
5/1/2026,NA,NA,NA,NA,NA,NA,NA,NA,NA,NA,NA,NA,NA,NA,NA,NA,NA,NA,NA,NA,NA,NA,NA
6/1/2026,NA,NA,NA,NA,NA,NA,NA,NA,NA,NA,NA,NA,NA,NA,NA,NA,NA,NA,NA,NA,NA,NA,NA
7/1/2026,NA,NA,NA,NA,NA,NA,NA,NA,NA,NA,NA,NA,NA,NA,NA,NA,NA,NA,NA,NA,NA,NA,NA
8/1/2026,NA,NA,NA,NA,NA,NA,NA,NA,NA,NA,NA,NA,NA,NA,NA,NA,NA,NA,NA,NA,NA,NA,NA
9/1/2026,NA,NA,NA,NA,NA,NA,NA,NA,NA,NA,NA,NA,NA,NA,NA,NA,NA,NA,NA,NA,NA,NA,NA
10/1/2026,NA,NA,NA,NA,NA,NA,NA,NA,NA,NA,NA,NA,NA,NA,NA,NA,NA,NA,NA,NA,NA,NA,NA
11/1/2026,NA,NA,NA,NA,NA,NA,NA,NA,NA,NA,NA,NA,NA,NA,NA,NA,NA,NA,NA,NA,NA,NA,NA
12/1/2026,NA,NA,NA,NA,NA,NA,NA,NA,NA,NA,NA,NA,NA,NA,NA,NA,NA,NA,NA,NA,NA,NA,NA
1/1/2027,NA,NA,NA,NA,NA,NA,NA,NA,NA,NA,NA,NA,NA,NA,NA,NA,NA,NA,NA,NA,NA,NA,NA
2/1/2027,NA,NA,NA,NA,NA,NA,NA,NA,NA,NA,NA,NA,NA,NA,NA,NA,NA,NA,NA,NA,NA,NA,NA
3/1/2027,NA,NA,NA,NA,NA,NA,NA,NA,NA,NA,NA,NA,NA,NA,NA,NA,NA,NA,NA,NA,NA,NA,NA
4/1/2027,NA,NA,NA,NA,NA,NA,NA,NA,NA,NA,NA,NA,NA,NA,NA,NA,NA,NA,NA,NA,NA,NA,NA
5/1/2027,NA,NA,NA,NA,NA,NA,NA,NA,NA,NA,NA,NA,NA,NA,NA,NA,NA,NA,NA,NA,NA,NA,NA
6/1/2027,NA,NA,NA,NA,NA,NA,NA,NA,NA,NA,NA,NA,NA,NA,NA,NA,NA,NA,NA,NA,NA,NA,NA
7/1/2027,NA,NA,NA,NA,NA,NA,NA,NA,NA,NA,NA,NA,NA,NA,NA,NA,NA,NA,NA,NA,NA,NA,NA
8/1/2027,NA,NA,NA,NA,NA,NA,NA,NA,NA,NA,NA,NA,NA,NA,NA,NA,NA,NA,NA,NA,NA,NA,NA
9/1/2027,NA,NA,NA,NA,NA,NA,NA,NA,NA,NA,NA,NA,NA,NA,NA,NA,NA,NA,NA,NA,NA,NA,NA
10/1/2027,NA,NA,NA,NA,NA,NA,NA,NA,NA,NA,NA,NA,NA,NA,NA,NA,NA,NA,NA,NA,NA,NA,NA
11/1/2027,NA,NA,NA,NA,NA,NA,NA,NA,NA,NA,NA,NA,NA,NA,NA,NA,NA,NA,NA,NA,NA,NA,NA
12/1/2027,NA,NA,NA,NA,NA,NA,NA,NA,NA,NA,NA,NA,NA,NA,NA,NA,NA,NA,NA,NA,NA,NA,NA
1/1/2028,NA,NA,NA,NA,NA,NA,NA,NA,NA,NA,NA,NA,NA,NA,NA,NA,NA,NA,NA,NA,NA,NA,NA
2/1/2028,NA,NA,NA,NA,NA,NA,NA,NA,NA,NA,NA,NA,NA,NA,NA,NA,NA,NA,NA,NA,NA,NA,NA
3/1/2028,NA,NA,NA,NA,NA,NA,NA,NA,NA,NA,NA,NA,NA,NA,NA,NA,NA,NA,NA,NA,NA,NA,NA
4/1/2028,NA,NA,NA,NA,NA,NA,NA,NA,NA,NA,NA,NA,NA,NA,NA,NA,NA,NA,NA,NA,NA,NA,NA
5/1/2028,NA,NA,NA,NA,NA,NA,NA,NA,NA,NA,NA,NA,NA,NA,NA,NA,NA,NA,NA,NA,NA,NA,NA
6/1/2028,NA,NA,NA,NA,NA,NA,NA,NA,NA,NA,NA,NA,NA,NA,NA,NA,NA,NA,NA,NA,NA,NA,NA
7/1/2028,NA,NA,NA,NA,NA,NA,NA,NA,NA,NA,NA,NA,NA,NA,NA,NA,NA,NA,NA,NA,NA,NA,NA
8/1/2028,NA,NA,NA,NA,NA,NA,NA,NA,NA,NA,NA,NA,NA,NA,NA,NA,NA,NA,NA,NA,NA,NA,NA
9/1/2028,NA,NA,NA,NA,NA,NA,NA,NA,NA,NA,NA,NA,NA,NA,NA,NA,NA,NA,NA,NA,NA,NA,NA
10/1/2028,NA,NA,NA,NA,NA,NA,NA,NA,NA,NA,NA,NA,NA,NA,NA,NA,NA,NA,NA,NA,NA,NA,NA
11/1/2028,NA,NA,NA,NA,NA,NA,NA,NA,NA,NA,NA,NA,NA,NA,NA,NA,NA,NA,NA,NA,NA,NA,NA
12/1/2028,NA,NA,NA,NA,NA,NA,NA,NA,NA,NA,NA,NA,NA,NA,NA,NA,NA,NA,NA,NA,NA,NA,NA
1/1/2029,NA,NA,NA,NA,NA,NA,NA,NA,NA,NA,NA,NA,NA,NA,NA,NA,NA,NA,NA,NA,NA,NA,NA
2/1/2029,NA,NA,NA,NA,NA,NA,NA,NA,NA,NA,NA,NA,NA,NA,NA,NA,NA,NA,NA,NA,NA,NA,NA
3/1/2029,NA,NA,NA,NA,NA,NA,NA,NA,NA,NA,NA,NA,NA,NA,NA,NA,NA,NA,NA,NA,NA,NA,NA
4/1/2029,NA,NA,NA,NA,NA,NA,NA,NA,NA,NA,NA,NA,NA,NA,NA,NA,NA,NA,NA,NA,NA,NA,NA
5/1/2029,NA,NA,NA,NA,NA,NA,NA,NA,NA,NA,NA,NA,NA,NA,NA,NA,NA,NA,NA,NA,NA,NA,NA
6/1/2029,NA,NA,NA,NA,NA,NA,NA,NA,NA,NA,NA,NA,NA,NA,NA,NA,NA,NA,NA,NA,NA,NA,NA
7/1/2029,NA,NA,NA,NA,NA,NA,NA,NA,NA,NA,NA,NA,NA,NA,NA,NA,NA,NA,NA,NA,NA,NA,NA
8/1/2029,NA,NA,NA,NA,NA,NA,NA,NA,NA,NA,NA,NA,NA,NA,NA,NA,NA,NA,NA,NA,NA,NA,NA
9/1/2029,NA,NA,NA,NA,NA,NA,NA,NA,NA,NA,NA,NA,NA,NA,NA,NA,NA,NA,NA,NA,NA,NA,NA
10/1/2029,NA,NA,NA,NA,NA,NA,NA,NA,NA,NA,NA,NA,NA,NA,NA,NA,NA,NA,NA,NA,NA,NA,NA
11/1/2029,NA,NA,NA,NA,NA,NA,NA,NA,NA,NA,NA,NA,NA,NA,NA,NA,NA,NA,NA,NA,NA,NA,NA
12/1/2029,NA,NA,NA,NA,NA,NA,NA,NA,NA,NA,NA,NA,NA,NA,NA,NA,NA,NA,NA,NA,NA,NA,NA
1/1/2030,NA,NA,NA,NA,NA,NA,NA,NA,NA,NA,NA,NA,NA,NA,NA,NA,NA,NA,NA,NA,NA,NA,NA
2/1/2030,NA,NA,NA,NA,NA,NA,NA,NA,NA,NA,NA,NA,NA,NA,NA,NA,NA,NA,NA,NA,NA,NA,NA
3/1/2030,NA,NA,NA,NA,NA,NA,NA,NA,NA,NA,NA,NA,NA,NA,NA,NA,NA,NA,NA,NA,NA,NA,NA
4/1/2030,NA,NA,NA,NA,NA,NA,NA,NA,NA,NA,NA,NA,NA,NA,NA,NA,NA,NA,NA,NA,NA,NA,NA
5/1/2030,NA,NA,NA,NA,NA,NA,NA,NA,NA,NA,NA,NA,NA,NA,NA,NA,NA,NA,NA,NA,NA,NA,NA
6/1/2030,NA,NA,NA,NA,NA,NA,NA,NA,NA,NA,NA,NA,NA,NA,NA,NA,NA,NA,NA,NA,NA,NA,NA
7/1/2030,NA,NA,NA,NA,NA,NA,NA,NA,NA,NA,NA,NA,NA,NA,NA,NA,NA,NA,NA,NA,NA,NA,NA
8/1/2030,NA,NA,NA,NA,NA,NA,NA,NA,NA,NA,NA,NA,NA,NA,NA,NA,NA,NA,NA,NA,NA,NA,NA
9/1/2030,NA,NA,NA,NA,NA,NA,NA,NA,NA,NA,NA,NA,NA,NA,NA,NA,NA,NA,NA,NA,NA,NA,NA
10/1/2030,NA,NA,NA,NA,NA,NA,NA,NA,NA,NA,NA,NA,NA,NA,NA,NA,NA,NA,NA,NA,NA,NA,NA
11/1/2030,NA,NA,NA,NA,NA,NA,NA,NA,NA,NA,NA,NA,NA,NA,NA,NA,NA,NA,NA,NA,NA,NA,NA
12/1/2030,NA,NA,NA,NA,NA,NA,NA,NA,NA,NA,NA,NA,NA,NA,NA,NA,NA,NA,NA,NA,NA,NA,NA
